Date,Open,High,Low,Close,Volume
21-Jul-17,49.04,49.11,49.03,49.10,141998
20-Jul-17,48.97,49.05,48.97,49.03,334604
19-Jul-17,48.89,48.99,48.89,48.97,127181
18-Jul-17,48.84,48.92,48.80,48.90,133990
17-Jul-17,48.75,48.80,48.75,48.75,213015
14-Jul-17,48.74,48.76,48.69,48.70,170037
13-Jul-17,48.65,48.65,48.58,48.59,161870
12-Jul-17,48.62,48.65,48.60,48.63,178595
11-Jul-17,48.55,48.56,48.52,48.54,149343
10-Jul-17,48.53,48.62,48.52,48.58,242470
7-Jul-17,48.51,48.57,48.42,48.52,430604
6-Jul-17,48.32,48.59,48.32,48.57,147917
5-Jul-17,48.61,48.67,48.55,48.58,193172
3-Jul-17,48.59,48.67,48.52,48.56,258259
30-Jun-17,48.71,48.73,48.66,48.69,347044
29-Jun-17,48.84,48.84,48.69,48.70,384762
28-Jun-17,48.95,48.96,48.90,48.90,491121
27-Jun-17,49.03,49.04,48.95,48.95,192777
26-Jun-17,49.08,49.12,49.05,49.05,184405
23-Jun-17,49.03,49.07,49.03,49.05,158027
22-Jun-17,49.07,49.08,49.04,49.06,177690
21-Jun-17,49.02,49.08,49.01,49.08,464915
20-Jun-17,49.02,49.09,49.02,49.06,591227
19-Jun-17,49.03,49.04,48.99,49.01,204829
16-Jun-17,49.06,49.06,48.99,49.02,218397
15-Jun-17,49.04,49.07,48.98,49.03,313648
14-Jun-17,49.06,49.08,49.02,49.03,204162
13-Jun-17,48.94,49.02,48.94,48.96,133385
12-Jun-17,49.01,49.03,48.97,48.97,217016
9-Jun-17,49.07,49.08,48.98,49.02,208637
8-Jun-17,49.15,49.15,49.03,49.04,287281
7-Jun-17,49.17,49.17,49.11,49.13,219017
6-Jun-17,49.15,49.16,49.11,49.13,178024
5-Jun-17,49.06,49.09,49.04,49.07,243295
2-Jun-17,48.97,49.05,48.97,49.01,259348
1-Jun-17,48.86,48.95,48.86,48.90,181120
31-May-17,48.96,49.05,48.93,49.01,348321
30-May-17,48.86,48.92,48.86,48.90,231218
26-May-17,48.82,48.85,48.77,48.83,328242
25-May-17,48.77,48.83,48.77,48.81,446879
24-May-17,48.81,48.82,48.72,48.80,159467
23-May-17,48.73,48.83,48.73,48.77,275790
22-May-17,48.67,48.70,48.65,48.66,178532
19-May-17,48.65,48.72,48.64,48.70,508390
18-May-17,48.61,48.69,48.58,48.62,241030
17-May-17,48.46,48.61,48.46,48.58,423235
16-May-17,48.36,48.41,48.35,48.40,232978
15-May-17,48.30,48.36,48.29,48.36,263487
12-May-17,48.26,48.33,48.26,48.31,305776
11-May-17,48.17,48.22,48.16,48.21,359848
10-May-17,48.23,48.23,48.14,48.17,315504
9-May-17,48.16,48.20,48.14,48.14,549409
8-May-17,48.16,48.19,48.14,48.14,328143
5-May-17,48.14,48.21,48.14,48.18,162860
4-May-17,48.19,48.19,48.09,48.14,371785
3-May-17,48.11,48.20,48.11,48.16,464853
2-May-17,48.10,48.12,48.05,48.12,219663
1-May-17,48.17,48.18,48.06,48.11,371015
28-Apr-17,48.23,48.25,48.18,48.20,198296
27-Apr-17,48.22,48.27,48.20,48.25,211725
26-Apr-17,48.18,48.25,48.18,48.23,211139
25-Apr-17,48.34,48.35,48.18,48.20,234996
24-Apr-17,48.39,48.46,48.33,48.33,270041
21-Apr-17,48.50,48.50,48.40,48.45,255352
20-Apr-17,48.50,48.50,48.42,48.45,157591
19-Apr-17,48.53,48.53,48.46,48.46,504682
18-Apr-17,48.42,48.54,48.39,48.53,404956
17-Apr-17,48.32,48.39,48.32,48.35,371240
13-Apr-17,48.30,48.33,48.25,48.33,238828
12-Apr-17,48.23,48.27,48.19,48.27,274963
11-Apr-17,48.11,48.20,48.11,48.17,173978
10-Apr-17,48.09,48.13,48.08,48.12,558948
7-Apr-17,48.10,48.21,48.03,48.07,216143
6-Apr-17,48.00,48.04,47.98,48.00,299059
5-Apr-17,48.00,48.00,47.92,47.96,196681
4-Apr-17,47.91,47.97,47.90,47.92,359938
3-Apr-17,47.85,47.91,47.83,47.87,873671
31-Mar-17,47.93,47.99,47.88,47.92,580249
30-Mar-17,47.98,47.98,47.90,47.90,296238
29-Mar-17,47.91,47.99,47.91,47.94,354942
28-Mar-17,47.90,47.98,47.84,47.84,319324
27-Mar-17,47.88,47.92,47.85,47.92,509251
24-Mar-17,47.81,47.85,47.75,47.81,208910
23-Mar-17,47.72,47.77,47.72,47.77,268192
22-Mar-17,47.64,47.74,47.64,47.71,240535
21-Mar-17,47.51,47.64,47.51,47.63,261116
20-Mar-17,47.58,47.58,47.48,47.53,315205
17-Mar-17,47.38,47.50,47.38,47.48,241985
16-Mar-17,47.38,47.46,47.38,47.45,400114
15-Mar-17,47.26,47.48,47.21,47.48,291749
14-Mar-17,47.29,47.35,47.26,47.26,390502
13-Mar-17,47.37,47.37,47.27,47.28,334617
10-Mar-17,47.27,47.34,47.25,47.31,220603
9-Mar-17,47.34,47.34,47.23,47.29,500165
8-Mar-17,47.36,47.41,47.31,47.33,432151
7-Mar-17,47.45,47.47,47.42,47.45,378212
6-Mar-17,47.46,47.54,47.44,47.49,343312
3-Mar-17,47.49,47.56,47.41,47.44,440395
2-Mar-17,47.56,47.60,47.53,47.53,438283
1-Mar-17,47.58,47.75,47.58,47.58,370493
28-Feb-17,47.94,47.94,47.82,47.86,378394
27-Feb-17,47.87,47.93,47.83,47.84,298280
24-Feb-17,47.88,47.91,47.82,47.85,292046
23-Feb-17,47.83,47.83,47.65,47.76,337937
22-Feb-17,47.77,47.77,47.67,47.68,453632
21-Feb-17,47.60,47.71,47.60,47.60,585519
17-Feb-17,47.65,47.66,47.53,47.61,195406
16-Feb-17,47.48,47.58,47.47,47.51,499269
15-Feb-17,47.52,47.59,47.47,47.51,526949
14-Feb-17,47.72,47.75,47.57,47.58,339390
13-Feb-17,47.75,47.75,47.70,47.73,1200036
10-Feb-17,47.78,47.78,47.73,47.74,277947
9-Feb-17,47.80,47.87,47.77,47.77,253978
8-Feb-17,47.79,47.90,47.79,47.81,313966
7-Feb-17,47.69,47.78,47.61,47.74,338673
6-Feb-17,47.72,47.76,47.62,47.67,609425
3-Feb-17,47.65,47.70,47.57,47.58,311811
2-Feb-17,47.58,47.65,47.50,47.55,365786
1-Feb-17,47.42,47.58,47.42,47.50,304780
31-Jan-17,47.70,47.74,47.64,47.67,338662
30-Jan-17,47.74,47.74,47.58,47.58,780683
27-Jan-17,47.54,47.67,47.54,47.65,287431
26-Jan-17,47.63,47.64,47.52,47.59,312469
25-Jan-17,47.64,47.66,47.58,47.62,984268
24-Jan-17,47.72,47.72,47.62,47.67,1479128
23-Jan-17,47.66,47.74,47.63,47.72,590176
20-Jan-17,47.73,47.74,47.62,47.68,592810
19-Jan-17,48.01,48.01,47.82,47.84,1343401
18-Jan-17,48.07,48.12,48.00,48.03,219869
17-Jan-17,48.20,48.21,48.03,48.08,611924
13-Jan-17,48.08,48.08,47.98,48.05,471992
12-Jan-17,47.92,48.09,47.92,48.02,442894
11-Jan-17,47.75,47.88,47.73,47.86,299200
10-Jan-17,47.76,47.81,47.68,47.73,382985
9-Jan-17,47.68,47.77,47.68,47.69,759426
6-Jan-17,47.60,47.69,47.60,47.61,322281
5-Jan-17,47.55,47.67,47.48,47.65,583485
4-Jan-17,47.47,47.53,47.33,47.47,683497
3-Jan-17,47.43,47.43,47.32,47.39,441882
30-Dec-16,47.46,47.50,47.34,47.44,908177
29-Dec-16,47.38,47.40,47.29,47.34,896914
28-Dec-16,47.19,47.37,47.19,47.32,953959
27-Dec-16,47.33,47.42,47.28,47.34,902355
23-Dec-16,47.26,47.38,47.11,47.36,612168
22-Dec-16,47.20,47.31,47.20,47.22,1147172
21-Dec-16,47.26,47.31,47.20,47.24,598096
20-Dec-16,47.25,47.25,47.14,47.14,816104
19-Dec-16,47.09,47.33,47.09,47.17,1264412
16-Dec-16,47.03,47.15,47.03,47.07,973526
15-Dec-16,47.26,47.30,46.99,47.02,1009555
14-Dec-16,47.46,47.53,47.30,47.30,532337
13-Dec-16,47.33,47.47,47.31,47.41,762389
12-Dec-16,47.50,47.50,47.32,47.38,1235109
9-Dec-16,47.54,47.56,47.45,47.47,778576
8-Dec-16,47.60,47.61,47.47,47.47,871428
7-Dec-16,47.27,47.63,47.27,47.63,840282
6-Dec-16,47.17,47.22,47.04,47.18,891544
5-Dec-16,46.90,47.01,46.89,46.91,959602
2-Dec-16,46.89,47.08,46.81,47.01,709112
1-Dec-16,47.10,47.10,46.91,47.02,773653
30-Nov-16,47.33,47.33,47.20,47.28,1017640
29-Nov-16,47.51,47.59,47.39,47.44,999141
28-Nov-16,47.64,47.74,47.55,47.60,1141375
25-Nov-16,47.62,47.72,47.62,47.67,155129
23-Nov-16,47.62,47.82,47.59,47.64,1027557
22-Nov-16,47.83,47.88,47.81,47.82,947643
21-Nov-16,48.16,48.16,47.89,47.89,1060528
18-Nov-16,47.91,48.06,47.91,48.02,403419
17-Nov-16,47.95,48.03,47.90,47.94,605968
16-Nov-16,48.04,48.11,47.95,48.07,773550
15-Nov-16,48.28,48.37,48.13,48.17,923036
14-Nov-16,48.57,48.57,48.02,48.22,2155663
11-Nov-16,48.62,48.66,48.50,48.62,575744
10-Nov-16,48.92,48.99,48.65,48.86,1423288
9-Nov-16,49.30,49.30,48.96,48.96,566199
8-Nov-16,49.46,49.52,49.44,49.45,88036
7-Nov-16,49.42,49.50,49.40,49.50,183547
4-Nov-16,49.47,49.54,49.47,49.51,106505
3-Nov-16,49.44,49.50,49.40,49.46,192823
2-Nov-16,49.38,49.45,49.35,49.45,242275
1-Nov-16,49.35,49.40,49.26,49.36,322387
31-Oct-16,49.47,49.49,49.43,49.47,225414
28-Oct-16,49.33,49.43,49.31,49.43,282088
27-Oct-16,49.42,49.42,49.31,49.33,154301
26-Oct-16,49.45,49.45,49.39,49.41,391033
25-Oct-16,49.31,49.49,49.31,49.44,298942
24-Oct-16,49.49,49.49,49.40,49.44,131521
21-Oct-16,49.47,49.51,49.45,49.47,96484
20-Oct-16,49.42,49.47,49.38,49.44,90286
19-Oct-16,49.41,49.48,49.38,49.44,175828
18-Oct-16,49.46,49.46,49.38,49.42,133377
17-Oct-16,49.49,49.51,49.42,49.47,260446
14-Oct-16,49.47,49.54,49.44,49.49,259953
13-Oct-16,49.54,49.57,49.49,49.49,183947
12-Oct-16,49.55,49.55,49.50,49.50,171044
11-Oct-16,49.67,49.67,49.54,49.54,346376
10-Oct-16,49.69,49.74,49.65,49.69,175334
7-Oct-16,49.70,49.75,49.66,49.70,111210
6-Oct-16,49.80,49.80,49.71,49.71,206855
5-Oct-16,49.94,49.94,49.79,49.82,210215
4-Oct-16,49.99,50.04,49.90,49.90,292161
3-Oct-16,49.98,50.06,49.98,49.98,158481
30-Sep-16,50.16,50.20,50.06,50.08,391931
29-Sep-16,50.15,50.21,50.09,50.17,220139
28-Sep-16,50.19,50.23,50.14,50.14,145046
27-Sep-16,50.14,50.21,50.12,50.18,107376
26-Sep-16,50.09,50.18,50.09,50.13,187185
23-Sep-16,50.07,50.14,50.03,50.05,104304
22-Sep-16,50.02,50.08,50.02,50.04,119257
21-Sep-16,50.00,50.05,49.92,50.00,150129
20-Sep-16,50.00,50.04,49.97,49.97,119416
19-Sep-16,50.02,50.03,49.97,50.00,87064
16-Sep-16,50.02,50.03,49.97,49.98,77708
15-Sep-16,50.01,50.06,49.97,49.99,124069
14-Sep-16,50.01,50.10,50.01,50.04,135899
13-Sep-16,50.20,50.20,50.02,50.04,434059
12-Sep-16,50.19,50.25,50.16,50.16,571334
9-Sep-16,50.26,50.28,50.19,50.20,294167
8-Sep-16,50.36,50.39,50.26,50.31,99407
7-Sep-16,50.44,50.49,50.34,50.34,166645
6-Sep-16,50.40,50.45,50.34,50.42,195845
2-Sep-16,50.41,50.42,50.34,50.38,185083
1-Sep-16,50.42,50.49,50.37,50.40,190988
31-Aug-16,50.50,50.55,50.48,50.52,271522
30-Aug-16,50.54,50.54,50.49,50.50,166670
29-Aug-16,50.54,50.59,50.51,50.59,100599
26-Aug-16,50.50,50.57,50.40,50.42,168954
25-Aug-16,50.50,50.51,50.43,50.46,111708
24-Aug-16,50.52,50.55,50.43,50.48,94015
23-Aug-16,50.48,50.55,50.48,50.50,124017
22-Aug-16,50.49,50.55,50.44,50.50,274604
19-Aug-16,50.45,50.49,50.40,50.41,131774
18-Aug-16,50.45,50.53,50.45,50.49,232429
17-Aug-16,50.40,50.45,50.35,50.45,92706
16-Aug-16,50.45,50.46,50.37,50.40,114772
15-Aug-16,50.42,50.42,50.34,50.35,86678
12-Aug-16,50.34,50.49,50.34,50.40,524505
11-Aug-16,50.33,50.35,50.25,50.25,273674
10-Aug-16,50.31,50.37,50.28,50.33,415537
9-Aug-16,50.26,50.32,50.25,50.31,338139
8-Aug-16,50.25,50.29,50.23,50.29,211342
5-Aug-16,50.32,50.36,50.21,50.22,154138
4-Aug-16,50.33,50.36,50.31,50.31,254366
3-Aug-16,50.29,50.33,50.22,50.25,287804
2-Aug-16,50.30,50.36,50.23,50.26,354052
1-Aug-16,50.36,50.42,50.30,50.31,158055
29-Jul-16,50.55,50.55,50.45,50.50,177557
28-Jul-16,50.35,50.45,50.35,50.45,428241
27-Jul-16,50.33,50.40,50.30,50.34,233633
26-Jul-16,50.28,50.33,50.26,50.28,257035
25-Jul-16,50.32,50.33,50.26,50.26,230440
22-Jul-16,50.27,50.36,50.23,50.28,1900325
21-Jul-16,50.23,50.34,50.23,50.32,424106
20-Jul-16,50.34,50.34,50.25,50.27,1030123
19-Jul-16,50.37,50.37,50.31,50.31,206117
18-Jul-16,50.36,50.40,50.28,50.34,148668
15-Jul-16,50.53,50.53,50.34,50.34,332820
14-Jul-16,50.52,50.52,50.41,50.42,253611
13-Jul-16,50.55,50.67,50.50,50.53,136768
12-Jul-16,50.62,50.68,50.52,50.53,640390
11-Jul-16,50.59,50.75,50.59,50.62,156983
8-Jul-16,50.78,50.81,50.66,50.72,113286
7-Jul-16,50.78,50.78,50.68,50.73,206382
6-Jul-16,50.84,50.84,50.71,50.73,139690
5-Jul-16,50.73,50.76,50.71,50.71,891062
1-Jul-16,50.66,50.66,50.55,50.62,173447
30-Jun-16,50.64,50.65,50.58,50.59,515648
29-Jun-16,50.63,50.69,50.57,50.57,170116
28-Jun-16,50.56,50.88,50.56,50.74,138168
27-Jun-16,50.67,50.80,50.51,50.76,430088
24-Jun-16,50.79,50.98,50.48,50.52,247864
23-Jun-16,50.10,50.36,50.05,50.05,211513
22-Jun-16,50.28,50.41,50.22,50.24,184901
21-Jun-16,50.32,50.32,50.23,50.23,157392
20-Jun-16,50.35,50.36,50.27,50.27,190504
17-Jun-16,50.45,50.47,50.33,50.39,103363
16-Jun-16,50.29,50.40,50.09,50.39,242963
15-Jun-16,50.22,50.36,50.19,50.30,111213
14-Jun-16,50.20,50.26,50.13,50.23,231754
13-Jun-16,50.12,50.28,50.12,50.18,357814
10-Jun-16,50.00,50.07,49.91,50.06,140872
9-Jun-16,49.93,49.98,49.88,49.97,351090
8-Jun-16,49.84,49.99,49.78,49.88,649347
7-Jun-16,49.75,49.85,49.75,49.80,163589
6-Jun-16,49.83,49.86,49.71,49.72,227238
3-Jun-16,49.70,49.79,49.70,49.76,240711
2-Jun-16,49.69,49.69,49.64,49.65,477980
1-Jun-16,49.71,49.71,49.64,49.64,140530
31-May-16,49.66,49.73,49.64,49.70,232599
27-May-16,49.88,49.88,49.69,49.69,165262
26-May-16,49.74,49.77,49.70,49.76,149486
25-May-16,49.75,49.93,49.71,49.73,228175
24-May-16,49.77,49.80,49.71,49.73,298556
23-May-16,49.85,49.85,49.80,49.83,122152
20-May-16,49.82,49.89,49.81,49.84,163437
19-May-16,49.89,49.92,49.85,49.86,224079
18-May-16,50.02,50.02,49.83,49.83,319108
17-May-16,49.90,50.02,49.90,49.99,251282
16-May-16,49.99,49.99,49.85,49.87,157935
13-May-16,49.97,50.01,49.93,50.01,138646
12-May-16,49.94,49.94,49.74,49.90,238959
11-May-16,49.84,49.93,49.83,49.93,421255
10-May-16,49.85,49.94,49.78,49.83,115526
9-May-16,49.64,49.94,49.64,49.84,213015
6-May-16,49.81,49.85,49.79,49.81,110608
5-May-16,49.77,49.82,49.75,49.79,225540
4-May-16,49.77,49.79,49.73,49.79,115901
3-May-16,49.61,49.77,49.61,49.73,296267
2-May-16,49.65,49.68,49.57,49.57,168921
29-Apr-16,49.50,49.76,49.50,49.75,370723
28-Apr-16,49.60,49.74,49.58,49.71,493878
27-Apr-16,49.64,49.65,49.58,49.65,143677
26-Apr-16,49.65,49.68,49.56,49.59,239620
25-Apr-16,49.68,49.68,49.60,49.61,160904
22-Apr-16,49.60,49.70,49.60,49.65,995513
21-Apr-16,49.70,49.70,49.61,49.61,192133
20-Apr-16,49.66,49.77,49.66,49.68,165633
19-Apr-16,49.74,49.74,49.66,49.69,139797
18-Apr-16,49.70,49.74,49.65,49.74,161665
15-Apr-16,49.66,49.73,49.64,49.71,130749
14-Apr-16,49.61,49.67,49.60,49.66,296603
13-Apr-16,49.61,49.65,49.59,49.61,347204
12-Apr-16,49.63,49.70,49.60,49.61,255329
11-Apr-16,49.77,49.77,49.62,49.65,140572
8-Apr-16,49.76,49.76,49.61,49.64,172962
7-Apr-16,49.40,49.66,49.40,49.66,210689
6-Apr-16,49.47,49.50,49.42,49.44,887872
5-Apr-16,49.47,49.47,49.38,49.42,304720
4-Apr-16,49.28,49.34,49.28,49.34,321335
1-Apr-16,49.27,49.61,49.24,49.24,227639
31-Mar-16,49.18,49.34,49.18,49.34,245194
30-Mar-16,49.19,49.24,49.13,49.24,258173
29-Mar-16,49.17,49.21,49.12,49.19,251651
28-Mar-16,49.13,49.14,49.08,49.10,225131
24-Mar-16,49.09,49.15,49.07,49.08,198284
23-Mar-16,49.07,49.13,49.05,49.12,142174
22-Mar-16,49.08,49.12,49.05,49.07,204219
21-Mar-16,49.04,49.09,49.00,49.06,351728
18-Mar-16,48.99,49.06,48.99,49.04,131109
17-Mar-16,48.91,49.00,48.91,48.98,169724
16-Mar-16,48.87,48.98,48.85,48.94,317016
15-Mar-16,48.89,49.12,48.73,48.89,152403
14-Mar-16,49.00,49.02,48.96,48.98,126707
11-Mar-16,49.00,49.00,48.92,48.92,230438
10-Mar-16,48.96,49.02,48.94,48.98,174328
9-Mar-16,49.00,49.02,48.92,48.98,213735
8-Mar-16,48.96,49.04,48.92,49.04,315210
7-Mar-16,48.80,48.90,48.80,48.82,269418
4-Mar-16,48.98,49.00,48.90,48.96,204470
3-Mar-16,49.12,49.12,49.00,49.04,209790
2-Mar-16,49.02,49.14,48.94,49.02,610509
1-Mar-16,49.22,49.26,49.08,49.12,233122
29-Feb-16,49.28,49.34,49.24,49.32,405006
26-Feb-16,49.42,49.42,49.28,49.30,199459
25-Feb-16,49.42,49.42,49.36,49.38,151904
24-Feb-16,49.46,49.50,49.36,49.38,225873
23-Feb-16,49.44,49.52,49.36,49.44,730016
22-Feb-16,49.58,49.58,49.42,49.46,329190
19-Feb-16,49.48,49.58,49.46,49.56,919808
18-Feb-16,49.48,49.56,49.42,49.48,280703
17-Feb-16,49.54,49.56,49.46,49.50,160204
16-Feb-16,49.64,49.64,49.50,49.62,205501
12-Feb-16,49.76,49.76,49.54,49.56,539531
11-Feb-16,49.76,49.82,49.60,49.70,227745
10-Feb-16,49.68,49.68,49.58,49.62,481796
9-Feb-16,49.52,49.68,49.52,49.64,369394
8-Feb-16,49.46,49.60,49.46,49.56,150694
5-Feb-16,49.44,49.44,49.32,49.36,301463
4-Feb-16,49.38,49.38,49.32,49.34,187092
3-Feb-16,49.32,49.44,49.30,49.36,668708
2-Feb-16,49.22,49.34,49.21,49.32,206403
1-Feb-16,49.24,49.27,49.16,49.16,162790
29-Jan-16,49.26,49.34,49.24,49.28,306005
28-Jan-16,49.22,49.24,49.16,49.22,293565
27-Jan-16,49.28,49.28,49.16,49.22,171862
26-Jan-16,49.16,49.28,49.16,49.22,212624
25-Jan-16,49.22,49.25,49.14,49.22,707454
22-Jan-16,49.34,49.34,49.18,49.23,287778
21-Jan-16,49.30,49.41,49.26,49.28,219227
20-Jan-16,49.32,49.44,49.30,49.34,341482
19-Jan-16,49.16,49.22,49.10,49.18,830572
15-Jan-16,49.18,49.22,49.04,49.12,300997
14-Jan-16,49.16,49.18,49.02,49.08,322658
13-Jan-16,49.14,49.22,49.06,49.10,506164
12-Jan-16,49.04,49.26,49.04,49.14,220433
11-Jan-16,49.16,49.18,49.08,49.10,160612
8-Jan-16,49.18,49.24,49.09,49.22,191738
7-Jan-16,49.14,49.16,49.08,49.14,507072
6-Jan-16,49.08,49.08,49.00,49.06,205164
5-Jan-16,48.80,48.90,48.66,48.90,250820
4-Jan-16,48.76,48.77,48.64,48.64,416136
31-Dec-15,48.70,48.76,48.60,48.76,173160
30-Dec-15,48.56,48.76,48.56,48.70,166804
29-Dec-15,48.66,48.77,48.56,48.62,146436
28-Dec-15,48.74,48.80,48.74,48.76,99190
24-Dec-15,48.68,48.76,48.68,48.76,93366
23-Dec-15,48.74,48.74,48.66,48.69,150800
22-Dec-15,48.78,48.78,48.70,48.70,168796
21-Dec-15,48.76,48.78,48.70,48.76,239564
18-Dec-15,48.66,48.76,48.56,48.72,249984
17-Dec-15,48.50,48.68,48.46,48.63,450563
16-Dec-15,48.50,48.50,48.40,48.46,116114
15-Dec-15,48.50,48.56,48.46,48.50,185814
14-Dec-15,48.66,48.78,48.52,48.58,176374
11-Dec-15,48.60,48.68,48.58,48.62,127678
10-Dec-15,48.48,48.58,48.46,48.50,101704
9-Dec-15,48.52,48.52,48.44,48.50,275342
8-Dec-15,48.46,48.58,48.46,48.46,129784
7-Dec-15,48.44,48.44,48.32,48.44,158495
4-Dec-15,48.38,48.44,48.31,48.38,106294
3-Dec-15,48.44,48.52,48.24,48.28,198366
2-Dec-15,48.42,48.50,48.42,48.50,135870
1-Dec-15,48.36,48.48,48.28,48.46,320606
30-Nov-15,48.40,48.46,48.32,48.40,126328
27-Nov-15,48.34,48.50,48.32,48.38,33070
25-Nov-15,48.40,48.40,48.26,48.30,114246
24-Nov-15,48.30,48.40,48.28,48.34,180146
23-Nov-15,48.30,48.34,48.22,48.28,133004
20-Nov-15,48.26,48.26,48.24,48.26,111700
19-Nov-15,48.14,48.26,48.14,48.20,171380
18-Nov-15,47.96,48.13,47.96,48.10,140360
17-Nov-15,47.98,48.02,47.92,48.00,290998
16-Nov-15,47.94,48.00,47.92,47.96,136852
13-Nov-15,47.94,47.96,47.88,47.92,151286
12-Nov-15,47.92,47.96,47.84,47.90,194234
11-Nov-15,47.92,47.94,47.84,47.90,167420
10-Nov-15,47.88,47.94,47.80,47.90,180371
9-Nov-15,48.00,48.00,47.84,47.88,277011
6-Nov-15,48.02,48.11,47.91,47.96,174374
5-Nov-15,48.18,48.18,48.08,48.12,203470
4-Nov-15,48.22,48.22,48.12,48.20,118034
3-Nov-15,48.26,48.26,48.16,48.19,142626
2-Nov-15,48.24,48.24,48.14,48.20,433989
30-Oct-15,48.36,48.36,48.28,48.32,147882
29-Oct-15,48.36,48.38,48.28,48.30,339404
28-Oct-15,48.38,48.42,48.32,48.32,178307
27-Oct-15,48.32,48.41,48.32,48.34,173686
26-Oct-15,48.34,48.36,48.30,48.34,180260
23-Oct-15,48.30,48.30,48.24,48.28,129600
22-Oct-15,48.32,48.33,48.26,48.32,170720
21-Oct-15,48.32,48.38,48.26,48.34,164796
20-Oct-15,48.26,48.36,48.20,48.22,161794
19-Oct-15,48.24,48.32,48.24,48.24,293157
16-Oct-15,48.20,48.34,48.20,48.30,146188
15-Oct-15,48.26,48.32,48.22,48.24,166630
14-Oct-15,48.30,48.36,48.26,48.32,199222
13-Oct-15,48.32,48.34,48.24,48.30,122280
12-Oct-15,48.24,48.32,48.21,48.29,128792
9-Oct-15,48.16,48.24,48.14,48.18,179360
8-Oct-15,48.20,48.26,48.14,48.16,176126
7-Oct-15,48.18,48.24,48.14,48.22,189270
6-Oct-15,48.32,48.32,48.17,48.20,313906
5-Oct-15,48.30,48.30,48.14,48.20,158998
2-Oct-15,48.34,48.34,48.22,48.30,225789
1-Oct-15,48.20,48.20,48.10,48.14,746932
30-Sep-15,48.10,48.24,48.10,48.22,140499
29-Sep-15,48.06,48.22,48.06,48.20,247916
28-Sep-15,48.08,48.10,47.94,48.10,215476
25-Sep-15,47.96,48.07,47.92,47.94,101676
24-Sep-15,48.00,48.15,47.94,48.00,127538
23-Sep-15,47.92,47.96,47.88,47.94,102704
22-Sep-15,47.88,47.96,47.82,47.94,147455
21-Sep-15,47.82,47.84,47.76,47.76,187319
18-Sep-15,47.58,47.86,47.58,47.86,155097
17-Sep-15,47.46,47.74,47.46,47.72,171308
16-Sep-15,47.52,47.58,47.46,47.48,154432
15-Sep-15,47.66,47.66,47.46,47.46,164986
14-Sep-15,47.72,47.72,47.64,47.69,147292
11-Sep-15,47.70,47.80,47.70,47.72,156429
10-Sep-15,47.76,47.76,47.64,47.68,168584
9-Sep-15,47.74,47.88,47.72,47.80,285950
8-Sep-15,47.78,47.82,47.68,47.80,202023
4-Sep-15,47.78,47.86,47.62,47.86,124562
3-Sep-15,47.78,47.84,47.76,47.76,259726
2-Sep-15,47.74,47.78,47.66,47.76,234309
1-Sep-15,47.96,47.96,47.64,47.76,307985
31-Aug-15,47.84,47.90,47.72,47.76,295672
28-Aug-15,47.92,47.92,47.70,47.78,177082
27-Aug-15,47.84,47.90,47.70,47.78,275801
26-Aug-15,47.92,47.92,47.80,47.80,165665
25-Aug-15,48.10,48.10,47.86,47.86,330718
24-Aug-15,48.04,48.22,48.00,48.06,246984
21-Aug-15,47.92,48.06,47.92,48.02,488736
20-Aug-15,47.88,47.96,47.82,47.90,397702
19-Aug-15,47.82,47.92,47.80,47.92,287705
18-Aug-15,47.90,47.92,47.82,47.82,108666
17-Aug-15,47.88,47.96,47.88,47.92,158816
14-Aug-15,47.88,47.94,47.82,47.92,821102
13-Aug-15,47.82,47.88,47.82,47.85,218218
12-Aug-15,47.90,47.90,47.80,47.80,115656
11-Aug-15,47.76,47.94,47.76,47.90,217381
10-Aug-15,47.78,47.80,47.68,47.68,123144
7-Aug-15,47.78,47.80,47.68,47.74,167980
6-Aug-15,47.78,47.80,47.62,47.76,210588
5-Aug-15,47.74,47.82,47.66,47.68,95867
4-Aug-15,47.86,47.88,47.70,47.72,203738
3-Aug-15,47.88,47.90,47.84,47.86,573363
31-Jul-15,47.90,47.94,47.82,47.92,220585
30-Jul-15,47.94,47.94,47.78,47.86,212384
29-Jul-15,47.92,47.96,47.80,47.80,151030
28-Jul-15,48.00,48.00,47.86,47.86,134066
27-Jul-15,47.86,48.00,47.84,47.90,236711
24-Jul-15,47.74,47.86,47.72,47.82,124766
23-Jul-15,47.78,47.84,47.56,47.78,146297
22-Jul-15,47.60,47.78,47.60,47.72,157435
21-Jul-15,47.56,47.70,47.56,47.62,96812
20-Jul-15,47.52,47.65,47.50,47.60,132691
17-Jul-15,47.52,47.60,47.48,47.60,130298
16-Jul-15,47.46,47.52,47.44,47.50,129913
15-Jul-15,47.48,47.50,47.38,47.48,114774
14-Jul-15,47.40,47.50,47.40,47.47,131139
13-Jul-15,47.40,47.44,47.28,47.38,236749
10-Jul-15,47.58,47.58,47.38,47.44,235168
9-Jul-15,47.52,47.78,47.52,47.56,178986
8-Jul-15,47.56,47.68,47.50,47.62,136064
7-Jul-15,47.50,47.58,47.46,47.46,272204
6-Jul-15,47.34,47.44,47.34,47.42,142374
2-Jul-15,47.26,47.38,47.26,47.30,144874
1-Jul-15,47.28,47.38,47.26,47.30,227888
30-Jun-15,47.50,47.52,47.32,47.44,144714
29-Jun-15,47.54,47.58,47.39,47.58,214298
26-Jun-15,47.38,47.40,47.28,47.34,123285
25-Jun-15,47.42,47.46,47.24,47.42,128808
24-Jun-15,47.40,47.48,47.38,47.44,102288
23-Jun-15,47.48,47.48,47.34,47.44,125770
22-Jun-15,47.46,47.52,47.32,47.49,279990
19-Jun-15,47.54,47.58,47.48,47.58,133702
18-Jun-15,47.48,47.51,47.40,47.46,126804
17-Jun-15,47.48,47.49,47.36,47.44,99402
16-Jun-15,47.42,47.51,47.40,47.48,132539
15-Jun-15,47.36,47.46,47.34,47.34,167454
12-Jun-15,47.22,47.36,47.22,47.32,93292
11-Jun-15,47.20,47.30,47.18,47.24,165747
10-Jun-15,47.16,47.18,47.08,47.14,199232
9-Jun-15,47.10,47.22,47.06,47.14,317002
8-Jun-15,47.14,47.18,47.10,47.14,382833
5-Jun-15,47.14,47.14,47.08,47.10,220960
4-Jun-15,47.22,47.33,47.19,47.24,227508
3-Jun-15,47.30,47.30,47.18,47.18,315928
2-Jun-15,47.44,47.44,47.29,47.30,232916
1-Jun-15,47.50,47.56,47.44,47.46,210088
29-May-15,47.56,47.68,47.56,47.58,163602
28-May-15,47.48,47.56,47.46,47.56,185328
27-May-15,47.36,47.50,47.36,47.44,137772
26-May-15,47.40,47.54,47.37,47.44,341518
22-May-15,47.36,47.39,47.32,47.34,105336
21-May-15,47.36,47.46,47.34,47.42,114212
20-May-15,47.36,47.44,47.32,47.34,127542
19-May-15,47.38,47.43,47.26,47.34,213950
18-May-15,47.52,47.57,47.36,47.38,244936
15-May-15,47.56,47.60,47.52,47.57,315108
14-May-15,47.52,47.59,47.52,47.54,307358
13-May-15,47.54,47.60,47.46,47.52,168483
12-May-15,47.54,47.56,47.46,47.52,193396
11-May-15,47.60,47.64,47.46,47.52,280698
8-May-15,47.66,47.72,47.64,47.66,154842
7-May-15,47.52,47.61,47.52,47.60,128550
6-May-15,47.68,47.70,47.50,47.52,355684
5-May-15,47.72,47.74,47.62,47.72,163098
4-May-15,47.78,47.78,47.66,47.70,225329
1-May-15,47.80,47.90,47.66,47.70,372610
30-Apr-15,47.96,48.04,47.90,48.04,216580
29-Apr-15,48.04,48.10,47.94,48.06,169796
28-Apr-15,48.16,48.18,48.06,48.10,136404
27-Apr-15,48.26,48.26,48.12,48.16,281455
24-Apr-15,48.20,48.30,48.16,48.22,138965
23-Apr-15,48.18,48.20,48.12,48.16,128126
22-Apr-15,48.26,48.31,48.14,48.14,147200
21-Apr-15,48.40,48.40,48.26,48.30,150220
20-Apr-15,48.38,48.41,48.30,48.36,202993
17-Apr-15,48.36,48.42,48.28,48.38,420344
16-Apr-15,48.36,48.38,48.26,48.34,145784
15-Apr-15,48.32,48.40,48.32,48.34,129744
14-Apr-15,48.34,48.40,48.30,48.34,104074
13-Apr-15,48.34,48.34,48.26,48.28,116254
10-Apr-15,48.32,48.36,48.23,48.28,175069
9-Apr-15,48.30,48.36,48.22,48.24,126044
8-Apr-15,48.34,48.36,48.28,48.28,98512
7-Apr-15,48.40,48.40,48.28,48.30,189868
6-Apr-15,48.40,48.44,48.34,48.36,166526
2-Apr-15,48.34,48.43,48.24,48.28,151364
1-Apr-15,48.40,48.44,48.35,48.36,253139
31-Mar-15,48.36,48.50,48.36,48.44,168898
30-Mar-15,48.52,48.58,48.36,48.42,84928
27-Mar-15,48.36,48.46,48.30,48.46,166452
26-Mar-15,48.40,48.44,48.34,48.38,170038
25-Mar-15,48.46,48.54,48.38,48.43,102759
24-Mar-15,48.48,48.54,48.40,48.50,188287
23-Mar-15,48.46,48.50,48.46,48.48,118997
20-Mar-15,48.40,48.48,48.39,48.40,139311
19-Mar-15,48.30,48.38,48.30,48.34,131900
18-Mar-15,48.16,48.36,48.08,48.34,239494
17-Mar-15,48.08,48.14,48.00,48.06,267382
16-Mar-15,48.06,48.10,48.02,48.08,96782
13-Mar-15,47.92,48.06,47.92,48.02,95250
12-Mar-15,48.00,48.02,47.94,47.94,86878
11-Mar-15,47.96,47.96,47.82,47.84,95088
10-Mar-15,47.88,47.96,47.86,47.86,222776
9-Mar-15,47.78,47.92,47.78,47.88,171648
6-Mar-15,47.96,47.98,47.72,47.74,214878
5-Mar-15,48.14,48.14,48.02,48.04,71044
4-Mar-15,48.08,48.16,48.06,48.06,200466
3-Mar-15,48.12,48.16,48.04,48.06,136492
2-Mar-15,48.38,48.38,48.06,48.10,208233
27-Feb-15,48.44,48.48,48.37,48.48,192201
26-Feb-15,48.36,48.42,48.32,48.32,131528
25-Feb-15,48.42,48.44,48.30,48.44,196817
24-Feb-15,48.34,48.44,48.26,48.42,184708
23-Feb-15,48.30,48.36,48.24,48.32,188922
20-Feb-15,48.30,48.30,48.16,48.16,226791
19-Feb-15,48.24,48.28,48.16,48.16,223657
18-Feb-15,48.26,48.32,48.16,48.30,166532
17-Feb-15,48.28,48.28,48.13,48.22,323324
13-Feb-15,48.22,48.30,48.22,48.24,179695
12-Feb-15,48.34,48.36,48.26,48.28,180632
11-Feb-15,48.42,48.42,48.32,48.34,191582
10-Feb-15,48.56,48.62,48.38,48.40,160170
9-Feb-15,48.66,48.66,48.56,48.58,167836
6-Feb-15,48.86,48.86,48.60,48.62,234229
5-Feb-15,48.94,48.96,48.86,48.94,169949
4-Feb-15,48.90,49.02,48.84,49.00,205122
3-Feb-15,49.12,49.12,48.94,48.94,167794
2-Feb-15,49.30,49.30,49.10,49.18,242328
30-Jan-15,49.22,49.36,49.18,49.34,289924
29-Jan-15,49.14,49.22,49.10,49.18,136186
28-Jan-15,49.08,49.24,49.02,49.20,300956
27-Jan-15,49.04,49.11,48.94,49.02,158389
26-Jan-15,48.98,49.02,48.86,48.86,243548
23-Jan-15,48.92,48.96,48.86,48.92,595862
22-Jan-15,48.94,48.98,48.84,48.88,109030
21-Jan-15,49.12,49.22,48.94,48.98,137716
20-Jan-15,49.08,49.18,49.08,49.10,401242
16-Jan-15,49.16,49.16,48.94,48.96,147078
15-Jan-15,48.90,49.18,48.90,49.12,237026
14-Jan-15,49.02,49.02,48.92,48.98,1935298
13-Jan-15,48.82,48.88,48.74,48.86,331126
12-Jan-15,48.78,48.82,48.68,48.80,247122
9-Jan-15,48.60,48.70,48.58,48.68,143200
8-Jan-15,48.64,48.69,48.60,48.62,93792
7-Jan-15,48.60,48.66,48.54,48.62,170466
6-Jan-15,48.56,48.72,48.56,48.56,354426
5-Jan-15,48.48,48.48,48.38,48.44,207888
2-Jan-15,48.32,48.44,48.28,48.36,290900
31-Dec-14,48.20,48.34,48.19,48.32,137895
30-Dec-14,48.16,48.22,48.16,48.20,102987
29-Dec-14,48.14,48.20,48.02,48.16,116059
26-Dec-14,48.10,48.20,48.04,48.18,109114
24-Dec-14,48.08,48.18,48.08,48.12,86303
23-Dec-14,48.18,48.20,48.10,48.10,91262
22-Dec-14,48.22,48.26,48.12,48.14,175350
19-Dec-14,48.22,48.28,48.08,48.22,245274
18-Dec-14,48.24,48.26,48.10,48.14,199384
17-Dec-14,48.36,48.39,48.20,48.22,127658
16-Dec-14,48.36,48.46,48.34,48.40,121233
15-Dec-14,48.28,48.32,48.22,48.28,135212
12-Dec-14,48.36,48.40,48.26,48.36,208332
11-Dec-14,48.30,48.30,48.20,48.24,101134
10-Dec-14,48.18,48.34,48.18,48.34,83776
9-Dec-14,48.22,48.28,48.04,48.24,132604
8-Dec-14,48.04,48.16,48.00,48.16,71580
5-Dec-14,48.12,48.12,47.96,47.98,118745
4-Dec-14,48.06,48.14,48.02,48.08,97340
3-Dec-14,48.02,48.06,47.98,48.00,174370
2-Dec-14,48.02,48.02,47.92,47.96,218048
1-Dec-14,48.06,48.14,47.98,48.02,312251
28-Nov-14,48.06,48.14,48.05,48.10,33836
26-Nov-14,48.02,48.10,48.00,48.04,120352
25-Nov-14,47.96,48.06,47.88,48.04,96624
24-Nov-14,47.90,47.98,47.90,47.98,117435
21-Nov-14,47.90,47.96,47.86,47.96,134400
20-Nov-14,47.94,47.96,47.88,47.94,56508
19-Nov-14,47.84,47.84,47.77,47.82,126194
18-Nov-14,47.90,47.90,47.80,47.80,163607
17-Nov-14,47.92,47.92,47.82,47.82,79209
14-Nov-14,47.90,47.98,47.86,47.96,173596
13-Nov-14,47.94,47.94,47.84,47.85,147431
12-Nov-14,47.98,48.02,47.92,47.94,200348
11-Nov-14,47.84,47.98,47.84,47.96,95122
10-Nov-14,47.90,47.94,47.82,47.86,123658
7-Nov-14,47.82,47.98,47.80,47.94,83132
6-Nov-14,47.94,47.94,47.80,47.88,114568
5-Nov-14,48.00,48.14,47.90,47.94,110765
4-Nov-14,48.04,48.08,47.96,48.05,150498
3-Nov-14,48.04,48.14,48.04,48.08,150732
31-Oct-14,48.18,48.27,48.12,48.12,140784
30-Oct-14,48.26,48.32,48.24,48.24,55674
29-Oct-14,48.32,48.38,48.24,48.26,128258
28-Oct-14,48.34,48.40,48.22,48.28,217979
27-Oct-14,48.34,48.46,48.28,48.42,200224
24-Oct-14,48.26,48.34,48.24,48.32,60288
23-Oct-14,48.22,48.36,48.18,48.20,188548
22-Oct-14,48.32,48.36,48.20,48.36,177964
21-Oct-14,48.44,48.48,48.38,48.38,184749
20-Oct-14,48.58,48.72,48.50,48.56,196946
17-Oct-14,48.68,48.71,48.56,48.60,372118
16-Oct-14,48.92,48.92,48.64,48.66,243348
15-Oct-14,48.80,49.18,48.75,48.80,279282
14-Oct-14,48.52,48.70,48.52,48.58,128719
13-Oct-14,48.42,48.56,48.40,48.52,115414
10-Oct-14,48.30,48.40,48.28,48.40,51204
9-Oct-14,48.18,48.30,48.18,48.24,178006
8-Oct-14,48.06,48.20,48.06,48.16,70564
7-Oct-14,48.02,48.16,48.02,48.14,144010
6-Oct-14,48.02,48.11,48.02,48.08,91646
3-Oct-14,48.06,48.10,47.98,48.04,95548
2-Oct-14,48.00,48.08,47.98,48.04,108026
1-Oct-14,47.96,48.10,47.90,48.08,187752
30-Sep-14,47.98,48.00,47.88,48.00,132488
29-Sep-14,47.94,47.98,47.94,47.98,66476
26-Sep-14,47.88,47.92,47.84,47.86,219846
25-Sep-14,47.80,47.94,47.76,47.88,168402
24-Sep-14,47.82,47.84,47.71,47.72,151290
23-Sep-14,47.78,47.84,47.70,47.80,155134
22-Sep-14,47.72,47.76,47.68,47.74,180644
19-Sep-14,47.64,47.72,47.63,47.68,96039
18-Sep-14,47.68,47.68,47.58,47.60,53898
17-Sep-14,47.68,47.72,47.58,47.58,81237
16-Sep-14,47.62,47.68,47.58,47.60,97496
15-Sep-14,47.62,47.73,47.56,47.58,83449
12-Sep-14,47.66,47.67,47.56,47.62,79759
11-Sep-14,47.72,47.74,47.68,47.70,107488
10-Sep-14,47.72,47.78,47.64,47.64,196123
9-Sep-14,47.76,47.76,47.68,47.72,168310
8-Sep-14,47.76,47.87,47.72,47.76,102135
5-Sep-14,47.82,47.86,47.72,47.76,69460
4-Sep-14,47.80,47.80,47.68,47.72,80320
3-Sep-14,47.88,47.88,47.76,47.80,81352
2-Sep-14,47.90,47.90,47.82,47.82,141761
29-Aug-14,48.00,48.18,47.96,48.00,84532
28-Aug-14,47.98,48.00,47.92,47.92,72567
27-Aug-14,47.90,47.96,47.88,47.92,117184
26-Aug-14,47.88,47.90,47.82,47.84,151371
25-Aug-14,47.78,47.86,47.78,47.84,115134
22-Aug-14,47.78,47.88,47.74,47.74,162766
21-Aug-14,47.76,47.82,47.74,47.74,114500
20-Aug-14,47.84,47.97,47.72,47.74,115668
19-Aug-14,47.88,47.88,47.82,47.84,60074
18-Aug-14,47.96,47.96,47.78,47.84,37506
15-Aug-14,47.70,47.88,47.62,47.82,96284
14-Aug-14,47.80,47.80,47.68,47.72,115972
13-Aug-14,47.64,47.74,47.64,47.66,206633
12-Aug-14,47.76,47.76,47.60,47.66,80792
11-Aug-14,47.74,47.80,47.60,47.64,80183
8-Aug-14,47.62,47.72,47.62,47.66,67582
7-Aug-14,47.54,47.64,47.52,47.63,197410
6-Aug-14,47.46,47.58,47.44,47.51,66846
5-Aug-14,47.38,47.48,47.38,47.46,91552
4-Aug-14,47.48,47.48,47.38,47.42,80704
1-Aug-14,47.48,47.52,47.40,47.52,69986
31-Jul-14,47.44,47.52,47.33,47.52,218599
30-Jul-14,47.50,47.54,47.40,47.40,77423
29-Jul-14,47.56,47.71,47.56,47.60,56118
28-Jul-14,47.58,47.58,47.48,47.52,40244
25-Jul-14,47.48,47.56,47.48,47.52,87342
24-Jul-14,47.48,47.52,47.40,47.42,100466
23-Jul-14,47.48,47.54,47.46,47.50,215828
22-Jul-14,47.46,47.50,47.42,47.44,52724
21-Jul-14,47.50,47.50,47.40,47.44,142665
18-Jul-14,47.40,47.44,47.36,47.42,74806
17-Jul-14,47.28,47.42,47.28,47.38,171850
16-Jul-14,47.26,47.32,47.20,47.28,79378
15-Jul-14,47.20,47.24,47.14,47.22,89308
14-Jul-14,47.10,47.18,47.06,47.18,170479
11-Jul-14,47.08,47.16,47.02,47.10,49339
10-Jul-14,47.06,47.12,47.02,47.08,67584
9-Jul-14,47.12,47.12,46.98,47.02,116610
8-Jul-14,47.12,47.18,47.09,47.10,94194
7-Jul-14,47.09,47.10,47.02,47.06,70508
3-Jul-14,47.04,47.06,46.96,47.02,66668
2-Jul-14,47.16,47.18,47.00,47.00,141124
1-Jul-14,47.32,47.34,47.16,47.18,186440
30-Jun-14,47.44,47.46,47.36,47.36,94318
27-Jun-14,47.38,47.42,47.36,47.42,42656
26-Jun-14,47.36,47.46,47.28,47.42,111766
25-Jun-14,47.26,47.34,47.26,47.30,83731
24-Jun-14,47.22,47.27,47.18,47.24,59442
23-Jun-14,47.14,47.20,47.12,47.16,80706
20-Jun-14,47.12,47.14,47.08,47.14,54566
19-Jun-14,47.10,47.18,47.06,47.10,65506
18-Jun-14,47.06,47.14,47.05,47.08,96004
17-Jun-14,47.08,47.09,47.02,47.06,94857
16-Jun-14,47.10,47.10,47.04,47.04,70736
13-Jun-14,47.02,47.04,46.96,47.02,49544
12-Jun-14,47.02,47.10,47.02,47.06,163310
11-Jun-14,47.08,47.14,47.02,47.02,125542
10-Jun-14,47.18,47.29,47.06,47.06,106319
9-Jun-14,47.20,47.30,47.14,47.18,96669
6-Jun-14,47.26,47.30,47.18,47.20,123205
5-Jun-14,47.16,47.22,47.14,47.22,67058
4-Jun-14,47.22,47.28,47.14,47.21,83318
3-Jun-14,47.36,47.62,47.22,47.28,110554
2-Jun-14,47.42,47.48,47.32,47.38,159971
30-May-14,47.56,47.62,47.52,47.54,98307
29-May-14,47.56,47.63,47.51,47.58,119742
28-May-14,47.46,47.56,47.44,47.56,72838
27-May-14,47.46,47.46,47.38,47.42,102515
23-May-14,47.42,47.44,47.40,47.44,32993
22-May-14,47.40,47.42,47.33,47.42,96188
21-May-14,47.44,47.46,47.36,47.38,81440
20-May-14,47.52,47.52,47.46,47.50,49542
19-May-14,47.52,47.74,47.48,47.50,99434
16-May-14,47.52,47.52,47.46,47.46,58995
15-May-14,47.40,47.52,47.38,47.48,97450
14-May-14,47.24,47.38,47.24,47.34,82646
13-May-14,47.14,47.24,47.14,47.18,84220
12-May-14,47.14,47.16,47.08,47.12,84656
9-May-14,47.12,47.30,47.08,47.11,79541
8-May-14,47.16,47.16,47.04,47.10,66788
7-May-14,47.04,47.08,47.02,47.08,68382
6-May-14,47.00,47.06,47.00,47.04,92057
5-May-14,46.98,47.06,46.96,46.97,109752
2-May-14,46.96,47.04,46.88,46.98,96092
1-May-14,47.00,47.00,46.92,46.98,92695
30-Apr-14,47.04,47.12,47.00,47.12,153028
29-Apr-14,47.02,47.14,47.00,47.00,54778
28-Apr-14,47.10,47.11,47.02,47.08,72403
25-Apr-14,47.04,47.10,47.04,47.08,38508
24-Apr-14,47.02,47.06,46.99,47.04,104796
23-Apr-14,47.02,47.06,46.98,47.02,126785
22-Apr-14,46.98,47.20,46.94,47.00,95190
21-Apr-14,46.92,47.02,46.92,47.02,125064
17-Apr-14,46.96,47.00,46.86,46.88,186176
16-Apr-14,46.98,46.98,46.90,46.93,202448
15-Apr-14,47.00,47.00,46.86,46.97,76968
14-Apr-14,46.94,46.94,46.86,46.86,100568
11-Apr-14,46.90,46.94,46.84,46.92,211688
10-Apr-14,46.68,46.80,46.66,46.80,183283
9-Apr-14,46.58,46.62,46.54,46.62,197526
8-Apr-14,46.56,46.60,46.54,46.56,90928
7-Apr-14,46.54,46.58,46.48,46.58,134997
4-Apr-14,46.38,46.52,46.36,46.52,79524
3-Apr-14,46.34,46.35,46.30,46.33,72896
2-Apr-14,46.38,46.38,46.30,46.34,85994
1-Apr-14,46.42,46.47,46.36,46.36,193541
31-Mar-14,46.50,46.60,46.46,46.50,235638
28-Mar-14,46.52,46.54,46.44,46.47,112040
27-Mar-14,46.42,46.52,46.38,46.50,95308
26-Mar-14,46.26,46.42,46.26,46.42,137136
25-Mar-14,46.22,46.33,46.22,46.28,146552
24-Mar-14,46.36,46.46,46.26,46.28,183176
21-Mar-14,46.38,46.38,46.28,46.36,245925
20-Mar-14,46.44,46.44,46.32,46.34,112226
19-Mar-14,46.50,46.58,46.32,46.38,115918
18-Mar-14,46.66,46.66,46.50,46.52,95402
17-Mar-14,46.62,46.64,46.58,46.64,123220
14-Mar-14,46.50,46.62,46.47,46.60,130908
13-Mar-14,46.40,46.54,46.38,46.47,340058
12-Mar-14,46.34,46.44,46.34,46.38,152720
11-Mar-14,46.24,46.34,46.24,46.34,97206
10-Mar-14,46.30,46.30,46.24,46.26,93054
7-Mar-14,46.40,46.40,46.26,46.30,144701
6-Mar-14,46.48,46.50,46.27,46.42,118292
5-Mar-14,46.60,46.69,46.50,46.52,143674
4-Mar-14,46.66,46.68,46.56,46.58,60496
3-Mar-14,46.52,46.68,46.52,46.66,130434
28-Feb-14,46.64,46.72,46.56,46.58,306429
27-Feb-14,46.50,46.60,46.50,46.58,103863
26-Feb-14,46.42,46.48,46.36,46.46,135666
25-Feb-14,46.36,46.42,46.33,46.42,115539
24-Feb-14,46.32,46.34,46.28,46.34,187550
21-Feb-14,46.28,46.34,46.26,46.30,51392
20-Feb-14,46.22,46.32,46.21,46.30,88344
19-Feb-14,46.24,46.26,46.16,46.22,281343
18-Feb-14,46.20,46.24,46.18,46.21,165940
14-Feb-14,46.26,46.26,46.16,46.16,157604
13-Feb-14,46.18,46.26,46.16,46.22,149014
12-Feb-14,46.18,46.22,46.12,46.14,153747
11-Feb-14,46.16,46.22,46.10,46.16,229791
10-Feb-14,46.20,46.24,46.04,46.16,97747
7-Feb-14,46.12,46.20,46.11,46.18,103248
6-Feb-14,46.10,46.14,46.08,46.08,85556
5-Feb-14,46.06,46.14,46.04,46.10,78886
4-Feb-14,46.22,46.22,45.94,46.04,201900
3-Feb-14,46.24,46.28,46.04,46.22,160336
31-Jan-14,46.24,46.32,46.00,46.26,203961
30-Jan-14,46.14,46.24,46.08,46.24,116982
29-Jan-14,46.30,46.30,46.10,46.20,92944
28-Jan-14,46.22,46.30,46.18,46.22,100206
27-Jan-14,46.36,46.38,46.18,46.22,158334
24-Jan-14,46.10,46.30,46.10,46.28,150355
23-Jan-14,46.04,46.16,46.04,46.10,269042
22-Jan-14,46.00,46.01,45.90,45.96,350904
21-Jan-14,46.02,46.10,45.94,46.00,119750
17-Jan-14,45.96,46.04,45.88,46.04,101148
16-Jan-14,45.86,45.94,45.84,45.88,176458
15-Jan-14,45.86,45.90,45.82,45.85,152368
14-Jan-14,45.86,45.90,45.82,45.88,75362
13-Jan-14,45.78,45.86,45.76,45.84,250632
10-Jan-14,45.68,45.80,45.64,45.78,207331
9-Jan-14,45.48,45.58,45.43,45.57,153840
8-Jan-14,45.40,45.44,45.25,45.42,174667
7-Jan-14,45.30,45.40,45.28,45.34,162112
6-Jan-14,45.26,45.28,45.18,45.20,249205
3-Jan-14,45.20,45.26,45.16,45.22,104427
2-Jan-14,45.12,45.20,45.12,45.18,167114
31-Dec-13,45.14,45.24,45.06,45.10,245680
30-Dec-13,45.12,45.26,45.10,45.24,216292
27-Dec-13,45.10,45.26,45.07,45.12,184870
26-Dec-13,45.48,45.56,45.48,45.50,155136
24-Dec-13,45.42,45.58,45.42,45.50,132548
23-Dec-13,45.58,45.58,45.40,45.46,279702
20-Dec-13,45.58,45.64,45.50,45.54,275285
19-Dec-13,45.66,45.66,45.52,45.60,202971
18-Dec-13,45.62,45.72,45.58,45.64,175390
17-Dec-13,45.66,45.70,45.58,45.66,170712
16-Dec-13,45.58,45.65,45.52,45.64,164232
13-Dec-13,45.54,45.64,45.54,45.56,174129
12-Dec-13,45.60,45.60,45.52,45.58,146294
11-Dec-13,45.60,45.62,45.52,45.56,187605
10-Dec-13,45.58,45.60,45.48,45.54,158099
9-Dec-13,45.38,45.50,45.30,45.48,167227
6-Dec-13,45.40,45.46,45.22,45.46,130283
5-Dec-13,45.42,45.48,45.36,45.38,258318
4-Dec-13,45.54,45.54,45.42,45.46,140141
3-Dec-13,45.54,45.64,45.54,45.56,119533
2-Dec-13,45.74,45.74,45.54,45.58,100492
29-Nov-13,45.82,45.84,45.76,45.82,42490
27-Nov-13,45.74,45.82,45.68,45.78,121522
26-Nov-13,45.72,45.84,45.71,45.76,90826
25-Nov-13,45.66,45.78,45.60,45.78,100718
22-Nov-13,45.66,45.74,45.64,45.72,161192
21-Nov-13,45.70,45.76,45.66,45.67,157288
20-Nov-13,45.84,45.90,45.69,45.74,160577
19-Nov-13,45.80,45.88,45.76,45.85,163916
18-Nov-13,45.76,45.86,45.74,45.86,295417
15-Nov-13,45.68,45.74,45.68,45.74,114792
14-Nov-13,45.62,45.74,45.60,45.70,145409
13-Nov-13,45.60,45.66,45.56,45.62,128660
12-Nov-13,45.60,45.68,45.53,45.56,166478
11-Nov-13,45.64,45.73,45.58,45.58,180230
8-Nov-13,45.72,45.90,45.52,45.70,446124
7-Nov-13,45.74,45.90,45.74,45.84,158894
6-Nov-13,45.84,45.84,45.70,45.76,223052
5-Nov-13,45.88,45.92,45.70,45.76,148832
4-Nov-13,45.94,45.94,45.86,45.90,107634
1-Nov-13,45.98,46.06,45.84,45.88,56967
31-Oct-13,45.96,46.08,45.92,46.02,129712
30-Oct-13,46.10,46.14,45.92,45.92,117258
29-Oct-13,45.96,46.00,45.94,45.98,116154
28-Oct-13,45.90,46.00,45.88,45.94,118083
25-Oct-13,45.96,46.04,45.86,45.88,130494
24-Oct-13,45.88,45.96,45.84,45.92,93964
23-Oct-13,45.76,45.86,45.68,45.80,84520
22-Oct-13,45.58,45.70,45.54,45.62,142305
21-Oct-13,45.52,45.58,45.44,45.46,144946
18-Oct-13,45.42,45.58,45.40,45.54,78828
17-Oct-13,45.38,45.52,45.24,45.48,148242
16-Oct-13,45.30,45.34,45.20,45.24,126820
15-Oct-13,45.28,45.36,45.20,45.20,310032
14-Oct-13,45.40,45.44,45.20,45.30,136506
11-Oct-13,45.34,45.50,45.34,45.38,225473
10-Oct-13,45.36,45.40,45.26,45.36,123446
9-Oct-13,45.38,45.48,45.32,45.32,310224
8-Oct-13,45.46,45.48,45.34,45.34,189807
7-Oct-13,45.52,45.52,45.36,45.40,195504
4-Oct-13,45.62,45.62,45.40,45.43,207032
3-Oct-13,45.60,45.68,45.52,45.62,115596
2-Oct-13,45.62,45.70,45.50,45.64,95116
1-Oct-13,45.50,45.66,45.42,45.64,95368
30-Sep-13,45.62,45.70,45.50,45.68,160254
27-Sep-13,45.64,45.64,45.56,45.64,93086
26-Sep-13,45.60,45.69,45.52,45.54,130398
25-Sep-13,45.60,45.70,45.52,45.64,114672
24-Sep-13,45.50,45.60,45.44,45.55,132879
23-Sep-13,45.52,45.60,45.48,45.58,132246
20-Sep-13,45.42,45.52,45.36,45.46,117658
19-Sep-13,45.32,45.41,45.18,45.36,241719
18-Sep-13,44.96,45.48,44.78,45.46,200800
17-Sep-13,45.04,45.08,44.92,45.08,88316
16-Sep-13,44.64,44.96,44.64,44.84,256447
13-Sep-13,44.34,44.58,44.34,44.56,217001
12-Sep-13,44.26,44.50,44.16,44.26,157970
11-Sep-13,44.12,44.34,44.04,44.34,281144
10-Sep-13,44.04,44.12,44.00,44.10,127564
9-Sep-13,44.14,44.18,43.96,44.02,148246
6-Sep-13,44.12,44.16,43.99,44.00,182591
5-Sep-13,44.16,44.24,43.92,43.96,148572
4-Sep-13,44.08,44.24,44.06,44.16,92699
3-Sep-13,44.28,44.28,44.04,44.14,161324
30-Aug-13,44.20,44.40,44.20,44.40,135958
29-Aug-13,44.02,44.32,44.02,44.32,149055
28-Aug-13,44.26,44.32,44.08,44.08,143802
27-Aug-13,44.24,44.40,44.18,44.18,174913
26-Aug-13,44.50,44.50,44.12,44.24,134242
23-Aug-13,44.42,44.58,44.42,44.42,264502
22-Aug-13,44.40,44.48,44.36,44.44,164318
21-Aug-13,44.38,44.52,44.38,44.40,208050
20-Aug-13,44.42,44.52,44.36,44.52,160439
19-Aug-13,44.46,44.63,44.16,44.44,158968
16-Aug-13,44.64,44.70,44.44,44.60,256524
15-Aug-13,44.56,44.72,44.50,44.62,300611
14-Aug-13,44.72,44.82,44.58,44.74,107165
13-Aug-13,44.96,45.00,44.62,44.68,176036
12-Aug-13,44.98,45.06,44.94,45.00,177832
9-Aug-13,44.96,45.04,44.90,44.92,189396
8-Aug-13,44.96,45.04,44.88,44.90,179362
7-Aug-13,44.76,45.02,44.72,45.02,251930
6-Aug-13,44.92,44.94,44.72,44.86,319566
5-Aug-13,44.94,45.10,44.84,44.84,169791
2-Aug-13,44.86,45.08,44.82,45.08,216596
1-Aug-13,44.86,44.87,44.64,44.74,148268
31-Jul-13,44.96,45.00,44.72,44.98,496082
30-Jul-13,45.16,45.24,44.98,44.98,97182
29-Jul-13,45.34,45.34,45.08,45.12,102064
26-Jul-13,45.02,45.30,44.94,45.28,154582
25-Jul-13,44.70,44.89,44.60,44.88,135883
24-Jul-13,44.68,44.82,44.60,44.64,150655
23-Jul-13,44.86,44.96,44.70,44.82,170098
22-Jul-13,44.70,45.06,44.62,44.76,164332
19-Jul-13,45.40,45.50,45.04,45.08,172678
18-Jul-13,45.64,45.70,45.36,45.44,138509
17-Jul-13,45.50,45.64,45.50,45.56,75650
16-Jul-13,45.28,45.52,45.18,45.52,207250
15-Jul-13,45.42,45.44,45.20,45.22,392870
12-Jul-13,45.36,45.50,45.30,45.38,147932
11-Jul-13,45.24,45.40,45.24,45.36,124148
10-Jul-13,45.22,45.36,44.62,45.02,242236
9-Jul-13,45.06,45.24,45.06,45.20,139966
8-Jul-13,44.86,45.22,44.86,45.20,199364
5-Jul-13,45.56,45.56,44.62,44.84,301028
3-Jul-13,45.20,45.84,45.20,45.52,115482
2-Jul-13,45.68,45.86,45.52,45.52,290714
1-Jul-13,45.62,45.90,45.60,45.64,202410
28-Jun-13,46.06,46.06,45.42,45.72,332636
27-Jun-13,46.28,46.30,45.90,46.08,295303
26-Jun-13,45.36,45.84,45.24,45.82,383302
25-Jun-13,44.42,45.10,44.26,44.90,378920
24-Jun-13,44.62,44.89,43.92,44.60,491318
21-Jun-13,45.68,45.86,44.82,45.12,462644
20-Jun-13,46.16,46.18,45.72,45.90,775597
19-Jun-13,46.76,46.79,46.52,46.54,153242
18-Jun-13,46.70,46.74,46.68,46.72,137653
17-Jun-13,46.78,46.86,46.71,46.84,189638
14-Jun-13,46.68,46.96,46.64,46.94,176890
13-Jun-13,46.62,46.76,46.54,46.74,177566
12-Jun-13,46.88,46.88,46.68,46.78,270422
11-Jun-13,46.92,46.95,46.82,46.90,339457
10-Jun-13,47.20,47.20,47.02,47.02,162370
7-Jun-13,47.22,47.28,47.14,47.16,166622
6-Jun-13,47.28,47.32,47.16,47.28,128098
5-Jun-13,47.28,47.34,47.22,47.28,142575
4-Jun-13,47.36,47.36,47.26,47.29,205330
3-Jun-13,47.28,47.40,47.22,47.36,266745
31-May-13,47.50,47.60,47.36,47.40,145460
30-May-13,47.50,47.64,47.48,47.56,112218
29-May-13,47.74,47.78,47.52,47.60,318658
28-May-13,48.02,48.02,47.74,47.84,115164
24-May-13,47.90,48.01,47.88,48.00,143950
23-May-13,48.04,48.08,47.88,47.88,144020
22-May-13,48.12,48.12,48.00,48.08,127316
21-May-13,48.14,48.16,48.02,48.06,191192
20-May-13,48.24,48.30,48.03,48.08,831964
17-May-13,48.32,48.36,48.14,48.14,72143
16-May-13,48.24,48.33,48.20,48.30,78839
15-May-13,48.24,48.26,48.16,48.26,97140
14-May-13,48.24,48.36,48.16,48.17,141006
13-May-13,48.24,48.30,48.19,48.30,105769
10-May-13,48.42,48.48,48.24,48.26,69066
9-May-13,48.40,48.48,48.32,48.39,177692
8-May-13,48.40,48.46,48.32,48.44,99692
7-May-13,48.32,48.46,48.28,48.40,133786
6-May-13,48.44,48.54,48.34,48.36,159945
3-May-13,48.52,48.52,48.40,48.48,67884
2-May-13,48.50,48.58,48.50,48.58,171182
1-May-13,48.48,48.56,48.48,48.54,98024
30-Apr-13,48.54,48.56,48.46,48.46,89196
29-Apr-13,48.52,48.62,48.46,48.48,192229
26-Apr-13,48.50,48.56,48.46,48.52,91210
25-Apr-13,48.52,48.56,48.42,48.42,154514
24-Apr-13,48.50,48.56,48.44,48.56,95573
23-Apr-13,48.54,48.56,48.48,48.52,113601
22-Apr-13,48.56,48.56,48.48,48.54,136111
19-Apr-13,48.48,48.60,48.44,48.54,96928
18-Apr-13,48.52,48.56,48.46,48.50,89346
17-Apr-13,48.44,48.50,48.40,48.48,78347
16-Apr-13,48.40,48.44,48.36,48.38,119238
15-Apr-13,48.42,48.46,48.32,48.42,168174
12-Apr-13,48.38,48.46,48.36,48.40,132142
11-Apr-13,48.36,48.38,48.28,48.36,85438
10-Apr-13,48.38,48.40,48.32,48.39,105958
9-Apr-13,48.40,48.44,48.34,48.42,133346
8-Apr-13,48.38,48.40,48.24,48.40,104254
5-Apr-13,48.24,48.36,48.24,48.36,172828
4-Apr-13,48.08,48.18,48.04,48.14,97044
3-Apr-13,47.94,48.08,47.94,48.08,78106
2-Apr-13,47.90,48.04,47.88,48.02,93596
1-Apr-13,47.96,48.02,47.86,47.90,93278
28-Mar-13,48.02,48.10,47.92,48.10,116090
27-Mar-13,47.92,48.02,47.86,48.01,163680
26-Mar-13,47.92,47.94,47.88,47.94,82799
25-Mar-13,47.90,47.94,47.86,47.94,119810
22-Mar-13,47.86,47.94,47.86,47.88,188386
21-Mar-13,47.86,47.92,47.84,47.88,148156
20-Mar-13,47.90,47.98,47.82,47.82,211169
19-Mar-13,47.82,47.89,47.78,47.86,125296
18-Mar-13,47.82,47.92,47.80,47.88,76342
15-Mar-13,47.74,47.84,47.70,47.80,182838
14-Mar-13,47.80,47.84,47.68,47.78,246864
13-Mar-13,47.82,47.88,47.76,47.78,106608
12-Mar-13,47.82,47.88,47.80,47.80,139482
11-Mar-13,47.84,47.96,47.76,47.80,201703
8-Mar-13,47.92,48.04,47.66,47.90,1633710
7-Mar-13,48.12,48.16,48.02,48.08,78650
6-Mar-13,48.28,48.30,48.12,48.18,137503
5-Mar-13,48.34,48.38,48.20,48.35,160774
4-Mar-13,48.34,48.38,48.28,48.28,121147
1-Mar-13,48.34,48.38,48.24,48.32,152986
28-Feb-13,48.40,48.46,48.32,48.34,97783
27-Feb-13,48.34,48.40,48.32,48.32,125557
26-Feb-13,48.32,48.38,48.28,48.32,76620
25-Feb-13,48.32,48.38,48.28,48.30,103128
22-Feb-13,48.34,48.38,48.30,48.38,90177
21-Feb-13,48.30,48.36,48.25,48.34,94442
20-Feb-13,48.38,48.42,48.28,48.34,145576
19-Feb-13,48.40,48.42,48.34,48.34,109295
15-Feb-13,48.36,48.46,48.32,48.34,112334
14-Feb-13,48.36,48.41,48.32,48.36,109736
13-Feb-13,48.50,48.52,48.36,48.36,144310
12-Feb-13,48.54,48.56,48.48,48.48,149402
11-Feb-13,48.54,48.60,48.48,48.52,138931
8-Feb-13,48.56,48.60,48.48,48.54,109971
7-Feb-13,48.56,48.58,48.50,48.56,176645
6-Feb-13,48.52,48.54,48.46,48.54,112638
5-Feb-13,48.46,48.56,48.42,48.48,153766
4-Feb-13,48.46,48.56,48.46,48.50,84123
1-Feb-13,48.54,48.56,48.44,48.52,214378
31-Jan-13,48.52,48.62,48.50,48.62,88310
30-Jan-13,48.60,48.62,48.52,48.58,95828
29-Jan-13,48.62,48.68,48.60,48.66,141760
28-Jan-13,48.62,48.68,48.56,48.68,121584
25-Jan-13,48.82,48.84,48.70,48.74,124254
24-Jan-13,48.86,48.90,48.80,48.82,147884
23-Jan-13,48.84,48.88,48.80,48.80,90424
22-Jan-13,48.76,48.87,48.76,48.86,166297
18-Jan-13,48.80,48.88,48.78,48.82,111558
17-Jan-13,48.86,48.86,48.70,48.70,135759
16-Jan-13,48.74,48.92,48.74,48.80,688835
15-Jan-13,48.78,48.78,48.66,48.76,137374
14-Jan-13,48.70,48.82,48.62,48.72,180616
11-Jan-13,48.72,48.78,48.66,48.70,191574
10-Jan-13,48.70,48.76,48.66,48.74,226724
9-Jan-13,48.66,48.78,48.64,48.72,130818
8-Jan-13,48.50,48.64,48.50,48.62,174556
7-Jan-13,48.50,48.52,48.42,48.50,127672
4-Jan-13,48.52,48.52,48.37,48.46,119802
3-Jan-13,48.46,48.52,48.39,48.52,411770
2-Jan-13,48.52,48.54,48.32,48.52,517998
31-Dec-12,48.32,48.48,48.20,48.48,277394
28-Dec-12,48.30,48.54,48.24,48.26,219463
27-Dec-12,48.54,48.62,48.44,48.56,352062
26-Dec-12,49.18,49.20,49.10,49.20,161286
24-Dec-12,49.12,49.22,49.02,49.16,72573
21-Dec-12,49.00,49.18,49.00,49.16,190006
20-Dec-12,48.92,49.14,48.88,49.06,354510
19-Dec-12,48.70,49.00,48.70,48.92,454306
18-Dec-12,48.86,49.04,48.59,48.72,949060
17-Dec-12,48.96,49.14,48.80,48.92,269714
14-Dec-12,49.10,49.28,48.92,49.00,274766
13-Dec-12,49.34,49.48,49.14,49.14,208729
12-Dec-12,49.60,49.64,49.28,49.52,322560
11-Dec-12,49.80,49.82,49.60,49.70,274356
10-Dec-12,49.80,49.88,49.76,49.78,100358
7-Dec-12,49.88,49.90,49.76,49.82,102858
6-Dec-12,49.82,49.88,49.80,49.86,115025
5-Dec-12,49.88,50.00,49.78,49.86,130492
4-Dec-12,49.90,49.92,49.79,49.88,134122
3-Dec-12,49.92,49.94,49.82,49.86,113688
30-Nov-12,50.02,50.02,49.92,49.98,107700
29-Nov-12,49.92,50.00,49.92,50.00,103070
28-Nov-12,49.88,49.98,49.86,49.90,110430
27-Nov-12,49.82,49.86,49.72,49.84,129265
26-Nov-12,49.70,49.84,49.66,49.78,211107
23-Nov-12,49.78,49.80,49.66,49.70,49409
21-Nov-12,49.78,49.80,49.66,49.72,106110
20-Nov-12,49.68,49.76,49.64,49.76,33779
19-Nov-12,49.62,49.72,49.56,49.66,44762
16-Nov-12,49.58,49.62,49.50,49.50,19122
15-Nov-12,49.60,49.64,49.44,49.52,48694
14-Nov-12,49.62,49.62,49.50,49.56,67495
13-Nov-12,49.60,49.60,49.54,49.60,54758
12-Nov-12,49.50,49.58,49.44,49.56,8142
9-Nov-12,49.48,49.52,49.36,49.48,27783
8-Nov-12,49.28,49.43,49.28,49.32,22569
7-Nov-12,49.16,49.34,49.16,49.24,40664
6-Nov-12,49.08,49.20,49.06,49.14,19054
5-Nov-12,49.12,49.16,49.04,49.16,8711
2-Nov-12,49.00,49.10,49.00,49.10,8072
1-Nov-12,49.00,49.10,49.00,49.10,44844
31-Oct-12,49.06,49.18,49.06,49.12,26730
26-Oct-12,49.06,49.08,49.06,49.08,12936
25-Oct-12,49.12,49.12,48.96,49.00,17247
24-Oct-12,49.10,49.14,49.04,49.14,27456
23-Oct-12,49.06,49.10,49.04,49.08,12641
22-Oct-12,49.04,49.06,49.00,49.06,3821
19-Oct-12,49.10,49.10,49.02,49.08,16148
18-Oct-12,49.08,49.12,49.00,49.12,36088
17-Oct-12,49.12,49.12,49.02,49.10,4722
16-Oct-12,49.14,49.14,49.04,49.14,29256
15-Oct-12,49.12,49.20,49.02,49.04,36394
12-Oct-12,49.08,49.14,49.04,49.10,25349
11-Oct-12,49.04,49.10,49.02,49.02,11120
10-Oct-12,49.14,49.14,49.04,49.04,19767
9-Oct-12,49.18,49.18,49.08,49.10,9466
8-Oct-12,49.14,49.20,49.08,49.08,7938
5-Oct-12,49.16,49.16,49.08,49.16,7242
4-Oct-12,49.22,49.22,49.10,49.20,18662
3-Oct-12,49.18,49.22,49.16,49.20,44111
2-Oct-12,49.18,49.18,49.04,49.12,28067
1-Oct-12,49.04,49.20,48.96,49.16,82782
28-Sep-12,49.18,49.23,49.10,49.16,18216
27-Sep-12,49.04,49.16,49.04,49.16,28781
26-Sep-12,48.94,49.12,48.94,49.08,27854
25-Sep-12,48.92,49.00,48.84,49.00,27286
24-Sep-12,48.88,48.96,48.84,48.90,36154
21-Sep-12,48.72,48.88,48.72,48.88,12578
20-Sep-12,48.66,48.80,48.66,48.80,21427
19-Sep-12,48.64,48.72,48.58,48.60,45998
18-Sep-12,48.56,48.64,48.52,48.58,37031
17-Sep-12,48.50,48.54,48.48,48.54,18026
14-Sep-12,48.68,48.68,48.40,48.48,47052
13-Sep-12,48.70,48.74,48.62,48.66,16741
12-Sep-12,48.74,48.74,48.66,48.74,19372
11-Sep-12,48.82,48.82,48.74,48.74,11502
10-Sep-12,48.86,48.86,48.76,48.82,17802
7-Sep-12,48.82,48.88,48.78,48.82,22920
6-Sep-12,48.92,48.94,48.74,48.74,40749
5-Sep-12,48.90,48.94,48.90,48.94,8276
4-Sep-12,48.98,48.98,48.92,48.96,19937
31-Aug-12,48.98,49.00,48.90,49.00,21974
30-Aug-12,48.96,48.96,48.88,48.94,11811
29-Aug-12,48.94,49.00,48.94,49.00,5620
28-Aug-12,48.96,48.96,48.88,48.94,6411
27-Aug-12,48.82,48.94,48.82,48.92,36240
24-Aug-12,48.88,48.90,48.72,48.72,23380
23-Aug-12,48.74,48.90,48.72,48.82,31901
22-Aug-12,48.64,48.76,48.62,48.76,14691
21-Aug-12,48.64,48.70,48.62,48.68,30234
20-Aug-12,48.66,48.70,48.56,48.70,14762
17-Aug-12,48.62,48.68,48.60,48.64,21012
16-Aug-12,48.50,48.60,48.48,48.52,20524
15-Aug-12,48.68,48.68,48.50,48.54,11494
14-Aug-12,48.78,48.80,48.60,48.62,26477
13-Aug-12,48.76,48.80,48.74,48.74,10148
10-Aug-12,48.74,48.78,48.68,48.70,18056
9-Aug-12,48.86,48.86,48.68,48.68,18956
8-Aug-12,48.84,48.86,48.76,48.86,15950
7-Aug-12,48.96,48.96,48.78,48.78,33827
6-Aug-12,49.00,49.00,48.94,49.00,9155
3-Aug-12,49.00,49.04,48.90,48.92,18916
2-Aug-12,49.00,49.06,48.94,49.04,14011
1-Aug-12,49.08,49.08,49.00,49.04,58368
31-Jul-12,49.12,49.14,49.00,49.10,13238
30-Jul-12,49.12,49.14,49.06,49.06,16712
27-Jul-12,49.24,49.28,49.04,49.06,16045
26-Jul-12,49.12,49.24,49.12,49.16,20056
25-Jul-12,49.22,49.24,49.18,49.18,13472
24-Jul-12,49.06,49.20,49.00,49.19,40166
23-Jul-12,48.94,49.08,48.90,48.98,33677
20-Jul-12,48.90,48.96,48.86,48.96,24556
19-Jul-12,48.90,48.92,48.80,48.90,39490
18-Jul-12,48.86,48.90,48.82,48.88,6738
17-Jul-12,48.80,48.86,48.78,48.80,11582
16-Jul-12,48.74,48.80,48.68,48.78,25542
13-Jul-12,48.58,48.66,48.58,48.62,10529
12-Jul-12,48.64,48.64,48.54,48.58,13639
11-Jul-12,48.38,48.60,48.38,48.56,50966
10-Jul-12,48.32,48.46,48.32,48.38,27910
9-Jul-12,48.36,48.36,48.22,48.22,29006
6-Jul-12,48.32,48.36,48.22,48.36,15681
5-Jul-12,48.28,48.32,48.26,48.32,3343
3-Jul-12,48.28,48.28,48.22,48.24,8390
2-Jul-12,48.34,48.34,48.18,48.22,19432
29-Jun-12,48.28,48.38,48.20,48.26,4026
28-Jun-12,48.30,48.38,48.30,48.38,10594
27-Jun-12,48.16,48.26,48.16,48.24,9220
26-Jun-12,48.20,48.22,48.12,48.22,19248
25-Jun-12,48.24,48.24,48.16,48.20,26263
22-Jun-12,48.16,48.20,48.14,48.16,3115
21-Jun-12,48.16,48.20,48.14,48.18,10042
20-Jun-12,48.20,48.22,48.14,48.14,6979
19-Jun-12,48.16,48.20,48.14,48.16,5194
18-Jun-12,48.20,48.24,48.04,48.18,14916
15-Jun-12,48.16,48.22,48.04,48.04,12016
14-Jun-12,48.14,48.22,48.08,48.20,7258
13-Jun-12,48.24,48.24,48.10,48.18,24146
12-Jun-12,48.20,48.24,48.16,48.24,6413
11-Jun-12,48.24,48.32,48.18,48.24,12952
8-Jun-12,48.28,48.32,48.20,48.22,21952
7-Jun-12,48.28,48.32,48.18,48.28,34349
6-Jun-12,48.48,48.48,48.26,48.34,40610
5-Jun-12,48.46,48.54,48.44,48.46,9256
4-Jun-12,48.54,48.64,48.50,48.54,5545
1-Jun-12,48.56,48.62,48.42,48.62,29970
31-May-12,48.44,48.64,48.44,48.62,25310
30-May-12,48.38,48.50,48.33,48.50,13846
29-May-12,48.36,48.38,48.20,48.32,22210
25-May-12,48.36,48.39,48.30,48.38,5280
24-May-12,48.34,48.40,48.30,48.32,10951
23-May-12,48.36,48.38,48.32,48.38,5560
22-May-12,48.34,48.38,48.26,48.38,5000
21-May-12,48.32,48.45,48.30,48.42,7567
18-May-12,48.22,48.58,48.22,48.38,51622
17-May-12,48.34,48.48,48.14,48.30,36927
16-May-12,48.50,48.56,48.36,48.38,9052
15-May-12,48.46,48.56,48.44,48.48,10868
14-May-12,48.46,48.52,48.40,48.44,17168
11-May-12,48.52,48.56,48.42,48.50,6164
10-May-12,48.38,48.50,48.36,48.46,15334
9-May-12,48.50,48.52,48.30,48.50,20884
8-May-12,48.56,48.56,48.42,48.44,21150
7-May-12,48.32,48.42,48.30,48.40,14448
4-May-12,48.28,48.40,48.22,48.36,11696
3-May-12,48.24,48.26,48.20,48.26,10666
2-May-12,48.16,48.22,48.14,48.22,5882
1-May-12,48.18,48.20,48.04,48.04,61702
30-Apr-12,48.30,48.32,48.16,48.28,30130
27-Apr-12,48.24,48.28,48.14,48.28,23693
26-Apr-12,48.30,48.32,48.16,48.24,20888
25-Apr-12,48.26,48.28,48.18,48.22,13286
24-Apr-12,48.16,48.24,48.16,48.22,3776
23-Apr-12,48.22,48.28,48.10,48.14,12876
20-Apr-12,48.24,48.24,48.12,48.20,29556
19-Apr-12,48.14,48.28,48.04,48.17,20828
18-Apr-12,48.02,48.14,47.98,48.06,13240
17-Apr-12,48.00,48.06,47.96,47.96,19101
16-Apr-12,47.96,48.04,47.88,47.98,20638
13-Apr-12,47.84,47.94,47.82,47.92,12038
12-Apr-12,48.06,48.06,47.76,47.84,22210
11-Apr-12,47.88,47.96,47.86,47.96,8424
10-Apr-12,47.94,47.94,47.80,47.92,22960
9-Apr-12,47.52,47.82,47.48,47.78,29346
5-Apr-12,47.32,47.40,47.26,47.40,12134
4-Apr-12,47.28,47.52,47.14,47.34,111984
3-Apr-12,47.44,47.62,47.26,47.34,9824
2-Apr-12,47.58,47.68,47.48,47.54,10552
30-Mar-12,47.60,47.76,47.60,47.68,61696
29-Mar-12,47.66,47.68,47.42,47.54,52134
28-Mar-12,47.60,47.72,47.56,47.56,21642
27-Mar-12,47.54,47.62,47.44,47.48,83008
26-Mar-12,47.42,47.54,47.38,47.54,25468
23-Mar-12,47.18,47.50,47.14,47.50,29358
22-Mar-12,46.98,47.18,46.98,47.18,21826
21-Mar-12,47.14,47.20,46.90,47.10,48322
20-Mar-12,47.04,47.20,46.90,47.20,57321
19-Mar-12,47.22,47.32,46.64,47.04,95926
16-Mar-12,47.40,47.50,46.90,47.26,73394
15-Mar-12,47.60,47.66,47.40,47.40,34994
14-Mar-12,47.94,47.96,47.60,47.70,86262
13-Mar-12,48.08,48.08,47.98,48.04,12532
12-Mar-12,48.06,48.10,48.04,48.10,10418
9-Mar-12,48.02,48.02,47.98,47.98,9434
8-Mar-12,48.04,48.04,47.96,47.98,11228
7-Mar-12,48.12,48.12,47.98,48.04,23818
6-Mar-12,48.10,48.12,48.02,48.08,16892
5-Mar-12,48.16,48.22,48.14,48.16,39914
2-Mar-12,48.12,48.20,48.08,48.20,8402
1-Mar-12,48.30,48.30,48.10,48.10,42758
29-Feb-12,48.44,48.46,48.36,48.46,11834
28-Feb-12,48.46,48.46,48.33,48.34,19210
27-Feb-12,48.42,48.48,48.40,48.46,29306
24-Feb-12,48.38,48.40,48.32,48.36,27040
23-Feb-12,48.40,48.46,48.24,48.34,46315
22-Feb-12,48.36,48.40,48.30,48.34,27416
21-Feb-12,48.38,48.46,48.32,48.40,11313
17-Feb-12,48.38,48.44,48.34,48.40,24855
16-Feb-12,48.44,48.48,48.32,48.32,114420
15-Feb-12,48.44,48.50,48.34,48.44,38573
14-Feb-12,48.34,48.46,48.30,48.40,47266
13-Feb-12,48.34,48.36,48.24,48.34,10596
10-Feb-12,48.20,48.32,48.18,48.30,19796
9-Feb-12,48.28,48.32,48.14,48.20,32479
8-Feb-12,48.32,48.32,48.18,48.20,16264
7-Feb-12,48.28,48.38,48.28,48.34,12196
6-Feb-12,48.22,48.32,48.22,48.26,21549
3-Feb-12,48.24,48.36,48.24,48.32,12122
2-Feb-12,48.34,48.44,48.28,48.40,28718
1-Feb-12,48.60,48.60,48.16,48.32,85030
31-Jan-12,48.66,48.66,48.44,48.66,14342
30-Jan-12,48.34,48.60,48.34,48.58,38810
27-Jan-12,48.22,48.26,48.14,48.24,16152
26-Jan-12,48.02,48.30,48.02,48.16,32254
25-Jan-12,47.78,48.14,47.78,48.10,27508
24-Jan-12,47.78,47.92,47.78,47.80,16925
23-Jan-12,48.10,48.10,47.82,47.86,53685
20-Jan-12,48.20,48.20,48.06,48.14,76362
19-Jan-12,48.28,48.36,48.10,48.14,46843
18-Jan-12,48.20,48.34,48.16,48.22,17476
17-Jan-12,48.24,48.34,48.14,48.14,52838
13-Jan-12,-,-,-,48.16,0
12-Jan-12,48.02,48.12,47.94,47.98,15726
11-Jan-12,47.76,48.04,47.76,48.04,19436
10-Jan-12,47.78,47.78,47.68,47.74,10626
9-Jan-12,47.62,47.78,47.60,47.74,30158
6-Jan-12,47.52,47.66,47.46,47.58,17507
5-Jan-12,47.40,47.52,47.36,47.48,7632
4-Jan-12,47.50,47.50,47.34,47.34,22354
3-Jan-12,47.46,47.48,47.42,47.44,91304
30-Dec-11,-,-,-,47.48,0
29-Dec-11,47.42,47.44,47.36,47.38,6944
28-Dec-11,47.36,47.38,47.26,47.38,23702
27-Dec-11,47.44,47.52,47.42,47.48,38528
23-Dec-11,-,-,-,47.50,0
22-Dec-11,47.36,47.44,47.26,47.40,39076
21-Dec-11,47.32,47.38,47.28,47.30,29364
20-Dec-11,47.42,47.42,47.28,47.30,17542
19-Dec-11,47.24,47.46,47.24,47.38,46676
16-Dec-11,47.26,47.30,47.14,47.26,51388
15-Dec-11,47.34,47.34,47.18,47.24,23674
14-Dec-11,47.14,47.24,47.14,47.24,18337
13-Dec-11,47.12,47.16,47.06,47.08,132296
12-Dec-11,47.20,47.26,47.12,47.16,24964
9-Dec-11,47.14,47.22,47.10,47.14,10899
8-Dec-11,47.06,47.22,47.06,47.16,53460
7-Dec-11,46.80,47.02,46.80,47.00,56390
6-Dec-11,46.80,46.98,46.80,46.90,49052
5-Dec-11,46.68,46.72,46.68,46.72,49268
2-Dec-11,46.56,46.70,46.56,46.68,21253
1-Dec-11,46.62,46.68,46.54,46.68,41426
30-Nov-11,46.72,46.76,46.70,46.72,58626
29-Nov-11,46.78,46.78,46.68,46.78,20030
28-Nov-11,46.68,46.76,46.64,46.76,43619
25-Nov-11,46.76,46.84,46.70,46.70,8732
23-Nov-11,-,-,-,46.82,0
22-Nov-11,46.72,46.78,46.66,46.76,23460
21-Nov-11,46.84,46.84,46.58,46.72,47646
18-Nov-11,46.58,46.64,46.52,46.64,32485
17-Nov-11,46.46,46.58,46.46,46.58,31600
16-Nov-11,46.60,46.60,46.42,46.48,28382
15-Nov-11,46.62,46.62,46.50,46.56,5427
14-Nov-11,46.66,46.74,46.60,46.66,26756
11-Nov-11,46.66,46.78,46.66,46.70,28094
10-Nov-11,46.78,46.78,46.66,46.66,35871
9-Nov-11,46.60,46.76,46.60,46.74,18345
8-Nov-11,46.54,46.60,46.54,46.60,12262
7-Nov-11,46.62,46.62,46.50,46.58,22454
4-Nov-11,46.60,46.62,46.56,46.58,6572
3-Nov-11,46.48,46.62,46.48,46.60,42348
2-Nov-11,46.40,46.44,46.34,46.42,17151
1-Nov-11,46.36,46.50,46.36,46.40,43400
31-Oct-11,46.24,46.36,46.24,46.36,39386
28-Oct-11,46.36,46.42,46.18,46.20,56350
27-Oct-11,46.56,46.56,46.36,46.36,4630
26-Oct-11,46.56,46.60,46.52,46.52,14468
25-Oct-11,46.48,46.56,46.48,46.56,14446
24-Oct-11,46.60,46.60,46.48,46.48,8813
21-Oct-11,46.52,46.64,46.52,46.60,52226
20-Oct-11,46.30,46.60,46.30,46.60,16761
19-Oct-11,46.38,46.42,46.32,46.42,14598
18-Oct-11,46.12,46.34,46.12,46.32,18612
17-Oct-11,46.30,46.34,45.98,46.06,41870
14-Oct-11,46.22,46.30,46.16,46.30,7736
13-Oct-11,46.22,46.32,46.08,46.28,10738
12-Oct-11,46.26,46.26,46.06,46.18,24627
11-Oct-11,46.32,46.36,46.02,46.02,6936
10-Oct-11,46.02,46.32,46.02,46.32,9822
7-Oct-11,46.02,46.38,45.82,46.36,41514
6-Oct-11,46.10,46.20,45.94,45.98,17532
5-Oct-11,46.54,46.66,46.24,46.36,10822
4-Oct-11,46.78,46.78,46.54,46.60,12803
3-Oct-11,46.86,46.88,46.60,46.64,20539
30-Sep-11,46.74,46.88,46.66,46.82,74460
29-Sep-11,46.88,46.96,46.68,46.74,20430
28-Sep-11,46.88,46.98,46.70,46.72,34692
27-Sep-11,47.18,47.18,46.84,46.86,21702
26-Sep-11,47.30,47.30,47.10,47.10,22020
23-Sep-11,47.38,47.42,47.22,47.24,21700
22-Sep-11,47.34,47.42,47.20,47.40,13514
21-Sep-11,46.90,47.04,46.84,47.00,17461
20-Sep-11,46.92,46.96,46.82,46.90,11230
19-Sep-11,46.94,46.96,46.80,46.80,12502
16-Sep-11,46.84,46.90,46.70,46.82,9064
15-Sep-11,46.90,46.96,46.78,46.86,6484
14-Sep-11,46.96,47.00,46.94,46.96,5150
13-Sep-11,47.06,47.06,46.94,46.98,15122
12-Sep-11,46.84,47.02,46.82,47.02,15794
9-Sep-11,46.78,46.90,46.74,46.88,4612
8-Sep-11,46.82,46.88,46.76,46.76,3952
7-Sep-11,46.82,46.90,46.62,46.76,35495
6-Sep-11,46.82,46.84,46.68,46.70,22736
2-Sep-11,46.68,46.76,46.62,46.72,47145
1-Sep-11,46.56,46.74,46.48,46.70,75708
31-Aug-11,46.54,46.64,46.54,46.54,21518
30-Aug-11,46.54,46.64,46.42,46.60,20820
29-Aug-11,46.62,46.62,46.48,46.48,10417
26-Aug-11,46.70,46.70,46.30,46.60,21174
25-Aug-11,46.50,46.56,46.44,46.56,16024
24-Aug-11,46.60,46.62,46.56,46.56,17766
23-Aug-11,46.76,46.78,46.60,46.66,13447
22-Aug-11,46.74,46.80,46.60,46.80,18969
19-Aug-11,46.66,46.78,46.36,46.64,22476
18-Aug-11,46.48,46.70,46.46,46.46,26076
17-Aug-11,46.46,46.56,46.20,46.52,6867
16-Aug-11,46.42,46.46,46.10,46.30,23482
15-Aug-11,45.92,46.48,45.86,46.44,48034
12-Aug-11,46.00,46.16,45.68,46.00,30576
11-Aug-11,45.86,45.96,45.60,45.80,29356
10-Aug-11,45.44,45.94,45.02,45.80,84422
9-Aug-11,45.42,45.52,44.64,45.10,231268
8-Aug-11,46.00,46.00,45.18,45.20,136168
5-Aug-11,46.16,46.32,46.07,46.24,95778
4-Aug-11,46.14,46.22,46.08,46.16,62003
3-Aug-11,45.90,46.12,45.88,46.08,59538
2-Aug-11,45.62,45.86,45.62,45.84,38162
1-Aug-11,45.54,45.70,45.54,45.62,9838
29-Jul-11,45.52,45.66,45.44,45.66,11034
28-Jul-11,45.72,45.72,45.54,45.62,26032
27-Jul-11,45.54,45.62,45.50,45.58,17868
26-Jul-11,45.72,45.72,45.58,45.60,24656
25-Jul-11,45.78,45.78,45.56,45.64,8758
22-Jul-11,45.68,45.74,45.64,45.74,39606
21-Jul-11,45.52,45.66,45.52,45.66,15158
20-Jul-11,45.58,45.66,45.50,45.54,11026
19-Jul-11,45.54,45.62,45.44,45.60,11080
18-Jul-11,45.42,45.56,45.34,45.56,16693
15-Jul-11,45.58,45.60,45.50,45.60,7594
14-Jul-11,45.54,45.58,45.52,45.58,8391
13-Jul-11,45.54,45.58,45.42,45.58,10258
12-Jul-11,45.34,45.58,45.32,45.56,41709
11-Jul-11,44.88,45.36,44.82,45.36,69212
8-Jul-11,45.18,45.30,44.96,45.00,142242
7-Jul-11,45.28,45.28,45.00,45.16,26159
6-Jul-11,45.26,45.28,45.20,45.24,4994
5-Jul-11,45.18,45.28,45.14,45.26,12004
1-Jul-11,-,-,-,45.20,0
30-Jun-11,45.30,45.32,45.08,45.28,21726
29-Jun-11,45.34,45.36,45.22,45.30,6154
28-Jun-11,45.48,45.50,45.30,45.42,9012
27-Jun-11,45.48,45.54,45.40,45.46,15522
24-Jun-11,45.48,45.50,45.38,45.40,24152
23-Jun-11,45.42,45.54,45.42,45.44,19694
22-Jun-11,45.38,45.56,45.34,45.42,16238
21-Jun-11,45.54,45.60,45.32,45.36,12898
20-Jun-11,45.52,45.52,45.40,45.52,13056
17-Jun-11,45.48,45.50,45.40,45.48,7977
16-Jun-11,45.42,45.50,45.42,45.50,15496
15-Jun-11,45.44,45.50,45.34,45.40,26186
14-Jun-11,45.32,45.50,45.18,45.50,55576
13-Jun-11,45.42,45.42,45.26,45.36,22382
10-Jun-11,45.58,45.66,45.36,45.40,36252
9-Jun-11,45.46,45.60,45.40,45.60,14710
8-Jun-11,45.46,45.50,45.38,45.48,16879
7-Jun-11,45.48,45.54,45.40,45.46,10664
6-Jun-11,45.52,45.60,45.44,45.46,11099
3-Jun-11,45.56,45.56,45.42,45.52,27118
2-Jun-11,45.36,45.52,45.30,45.50,45872
1-Jun-11,45.28,45.40,45.28,45.32,22242
31-May-11,45.64,45.64,45.40,45.44,27180
27-May-11,-,-,-,45.56,0
26-May-11,45.28,45.54,45.24,45.52,31412
25-May-11,45.54,45.64,45.32,45.32,31478
24-May-11,45.58,45.62,45.52,45.58,30758
23-May-11,45.52,45.66,45.48,45.48,27546
20-May-11,45.52,45.58,45.48,45.52,54088
19-May-11,45.54,45.56,45.40,45.46,72784
18-May-11,45.56,45.60,45.42,45.60,4382
17-May-11,45.58,45.60,45.24,45.54,110992
16-May-11,45.40,45.56,45.38,45.56,92444
13-May-11,45.22,45.40,45.22,45.36,3576
12-May-11,45.18,45.22,45.10,45.12,5352
11-May-11,45.22,45.22,45.06,45.10,7207
10-May-11,45.00,45.16,45.00,45.08,7870
9-May-11,45.08,45.10,45.00,45.04,2450
6-May-11,45.06,45.06,44.94,45.00,19876
5-May-11,44.86,45.02,44.86,44.96,7432
4-May-11,44.74,44.90,44.74,44.80,9917
3-May-11,44.68,44.74,44.68,44.72,8526
2-May-11,44.72,44.78,44.64,44.64,58234
29-Apr-11,44.70,44.82,44.64,44.80,26411
28-Apr-11,44.58,44.74,44.54,44.66,47545
27-Apr-11,44.50,44.56,44.44,44.55,7518
26-Apr-11,44.32,44.44,44.32,44.44,14532
25-Apr-11,44.20,44.38,44.20,44.30,15204
21-Apr-11,-,-,-,44.22,0
20-Apr-11,44.20,44.20,44.12,44.12,19953
19-Apr-11,43.98,44.16,43.96,44.16,24034
18-Apr-11,43.86,44.08,43.86,44.04,30943
15-Apr-11,43.82,43.96,43.80,43.90,11031
14-Apr-11,43.76,43.86,43.74,43.76,9217
13-Apr-11,43.80,43.80,43.70,43.72,7345
12-Apr-11,43.76,43.86,43.72,43.74,12090
11-Apr-11,43.60,43.80,43.60,43.68,28452
8-Apr-11,43.80,43.92,43.58,43.60,35974
7-Apr-11,43.74,43.84,43.74,43.84,5528
6-Apr-11,43.72,43.84,43.70,43.84,6319
5-Apr-11,43.84,43.90,43.72,43.78,18780
4-Apr-11,43.88,43.88,43.82,43.82,8046
1-Apr-11,43.90,43.92,43.78,43.84,27922
31-Mar-11,44.00,44.00,43.92,43.98,12802
30-Mar-11,44.02,44.04,43.92,43.99,10074
29-Mar-11,44.18,44.18,44.00,44.00,4660
28-Mar-11,44.10,44.16,44.10,44.16,6216
25-Mar-11,44.12,44.16,44.10,44.16,11552
24-Mar-11,44.18,44.18,44.12,44.18,23187
23-Mar-11,44.10,44.14,44.08,44.10,2858
22-Mar-11,44.12,44.14,44.08,44.08,13127
21-Mar-11,44.20,44.20,44.08,44.10,21114
18-Mar-11,44.00,44.16,43.94,44.10,16872
17-Mar-11,44.18,44.20,43.94,43.98,14159
16-Mar-11,44.06,44.40,44.06,44.10,29536
15-Mar-11,43.96,44.24,43.96,44.16,19702
14-Mar-11,43.94,44.06,43.90,43.98,3936
11-Mar-11,43.96,44.04,43.74,44.00,16740
10-Mar-11,43.76,43.94,43.64,43.94,56086
9-Mar-11,43.70,43.92,43.70,43.92,6598
8-Mar-11,43.76,43.94,43.74,43.74,58822
7-Mar-11,43.96,43.98,43.80,43.80,27046
4-Mar-11,44.00,44.10,43.90,44.04,28527
3-Mar-11,43.94,44.18,43.80,44.08,19034
2-Mar-11,43.86,44.10,43.86,43.98,10762
1-Mar-11,43.82,44.14,43.72,43.88,34244
28-Feb-11,44.14,44.26,43.94,43.94,31684
25-Feb-11,44.00,44.18,43.96,44.04,31726
24-Feb-11,43.82,44.14,43.70,44.10,27778
23-Feb-11,43.60,43.94,43.60,43.78,35840
22-Feb-11,43.62,43.88,43.56,43.66,48150
18-Feb-11,-,-,-,43.74,0
17-Feb-11,43.26,43.70,43.26,43.62,19328
16-Feb-11,43.04,43.40,43.00,43.38,42135
15-Feb-11,42.88,43.18,42.88,43.12,27837
14-Feb-11,42.94,43.02,42.74,42.96,26868
11-Feb-11,42.60,43.12,42.60,42.90,53363
10-Feb-11,42.50,42.68,42.34,42.62,45470
9-Feb-11,42.26,42.70,42.26,42.40,39702
8-Feb-11,42.52,42.66,42.34,42.36,27232
7-Feb-11,42.52,42.92,42.50,42.57,30298
4-Feb-11,42.82,42.84,42.52,42.60,21352
3-Feb-11,42.68,43.04,42.64,42.74,34486
2-Feb-11,42.86,43.04,42.86,42.86,12844
1-Feb-11,42.98,43.10,42.84,42.84,71714
31-Jan-11,43.40,43.40,42.92,43.07,120816
28-Jan-11,42.94,43.24,42.94,43.24,162634
27-Jan-11,43.34,43.34,42.94,43.14,56352
26-Jan-11,42.90,43.38,42.86,43.30,102874
25-Jan-11,42.90,42.94,42.74,42.86,95210
24-Jan-11,42.88,42.94,42.54,42.85,272448
21-Jan-11,42.34,42.92,42.32,42.82,214357
20-Jan-11,42.60,42.60,42.24,42.37,131564
19-Jan-11,42.22,42.64,42.16,42.48,110834
18-Jan-11,41.72,42.48,41.72,42.38,205068
14-Jan-11,-,-,-,42.06,0
13-Jan-11,43.06,43.20,42.26,42.52,185092
12-Jan-11,43.48,43.58,43.20,43.21,205076
11-Jan-11,43.50,43.64,43.40,43.52,111171
10-Jan-11,43.56,43.64,43.22,43.58,222262
7-Jan-11,43.58,43.58,43.30,43.54,118522
6-Jan-11,43.64,43.64,43.44,43.58,68132
5-Jan-11,43.48,43.68,43.46,43.61,71514
4-Jan-11,43.42,43.82,43.42,43.60,153878
3-Jan-11,43.28,43.50,43.28,43.50,237734
31-Dec-10,43.22,43.46,43.22,43.26,185281
30-Dec-10,43.24,43.44,43.12,43.32,86302
29-Dec-10,43.26,43.50,43.06,43.28,217714
28-Dec-10,43.96,43.96,43.48,43.50,153232
27-Dec-10,43.42,43.98,43.42,43.86,242318
23-Dec-10,-,-,-,43.58,0
22-Dec-10,43.56,43.76,43.48,43.66,137854
21-Dec-10,43.52,43.74,43.46,43.66,176481
20-Dec-10,44.18,44.20,43.44,43.62,276086
17-Dec-10,43.64,44.25,43.64,44.24,267364
16-Dec-10,43.10,43.74,43.06,43.68,299264
15-Dec-10,43.12,43.30,43.08,43.14,451146
14-Dec-10,44.04,44.08,43.24,43.26,225982
13-Dec-10,44.30,44.30,43.90,44.14,99815
10-Dec-10,43.90,44.32,43.84,44.20,238002
9-Dec-10,43.84,44.12,43.80,44.10,195580
8-Dec-10,44.66,44.66,43.60,43.88,211258
7-Dec-10,45.02,45.02,44.24,44.58,170944
6-Dec-10,45.10,45.28,44.86,44.96,133370
3-Dec-10,45.08,45.28,44.92,45.28,153228
2-Dec-10,45.34,45.34,45.06,45.10,95918
1-Dec-10,45.12,45.36,45.00,45.32,397511
30-Nov-10,45.32,45.46,45.16,45.28,144506
29-Nov-10,45.34,45.36,45.12,45.26,86776
26-Nov-10,45.18,45.42,45.18,45.42,26811
24-Nov-10,-,-,-,45.18,0
23-Nov-10,45.32,45.34,45.12,45.24,123938
22-Nov-10,45.00,45.28,45.00,45.16,95376
19-Nov-10,44.50,45.06,44.50,44.82,286974
18-Nov-10,44.50,44.72,44.06,44.58,242139
17-Nov-10,44.08,44.70,43.92,44.52,289982
16-Nov-10,44.86,44.94,43.00,44.30,504132
15-Nov-10,45.44,45.78,44.44,44.48,257412
12-Nov-10,44.90,45.80,44.90,45.80,249758
11-Nov-10,45.52,45.54,44.84,44.88,301408
10-Nov-10,45.80,45.90,45.56,45.64,209982
9-Nov-10,46.48,46.48,45.50,45.88,336419
8-Nov-10,46.48,46.54,46.42,46.44,69904
5-Nov-10,46.54,46.56,46.44,46.50,64515
4-Nov-10,46.54,46.54,46.44,46.52,104833
3-Nov-10,46.48,46.54,46.36,46.38,76834
2-Nov-10,46.40,46.52,46.40,46.48,58037
1-Nov-10,46.56,46.56,46.36,46.36,66897
29-Oct-10,46.68,46.72,46.58,46.72,60057
28-Oct-10,46.62,46.68,46.50,46.60,45160
27-Oct-10,46.78,46.78,46.52,46.64,64954
26-Oct-10,46.84,46.98,46.70,46.82,76830
25-Oct-10,46.98,46.98,46.84,46.94,61206
22-Oct-10,46.98,46.98,46.90,46.90,67252
21-Oct-10,47.00,47.00,46.82,46.90,74584
20-Oct-10,46.90,46.98,46.88,46.94,46538
19-Oct-10,46.88,46.98,46.82,46.94,51916
18-Oct-10,47.00,47.00,46.86,46.88,38162
15-Oct-10,46.88,46.96,46.84,46.92,85039
14-Oct-10,47.14,47.14,46.88,46.92,110226
13-Oct-10,47.18,47.18,47.02,47.12,65548
12-Oct-10,47.06,47.16,47.06,47.11,65098
11-Oct-10,47.16,47.16,47.06,47.12,68096
8-Oct-10,46.90,47.08,46.90,47.02,92593
7-Oct-10,46.90,46.92,46.79,46.88,76380
6-Oct-10,46.82,46.94,46.73,46.94,99586
5-Oct-10,46.82,46.82,46.62,46.72,101058
4-Oct-10,46.66,46.94,46.66,46.68,74026
1-Oct-10,46.96,47.03,46.50,46.52,1532502
30-Sep-10,47.18,47.26,47.10,47.10,81250
29-Sep-10,47.28,47.32,47.20,47.26,99598
28-Sep-10,47.30,47.30,47.20,47.20,63222
27-Sep-10,47.32,47.32,47.16,47.20,53366
24-Sep-10,47.30,47.32,47.14,47.26,58790
23-Sep-10,47.36,47.36,47.16,47.20,54112
22-Sep-10,47.18,47.30,47.06,47.30,70804
21-Sep-10,47.10,47.12,47.00,47.04,130689
20-Sep-10,47.08,47.12,47.00,47.00,75954
17-Sep-10,47.04,47.10,46.96,47.04,103362
16-Sep-10,47.04,47.04,46.94,46.94,92932
15-Sep-10,47.06,47.06,46.90,46.98,305329
14-Sep-10,47.04,47.06,46.94,47.02,192222
13-Sep-10,47.06,47.06,46.90,46.98,75244
10-Sep-10,47.02,47.02,46.88,46.88,52443
9-Sep-10,46.98,47.04,46.76,46.80,129950
8-Sep-10,47.14,47.20,47.06,47.08,95254
7-Sep-10,47.34,47.34,47.14,47.14,64526
3-Sep-10,-,-,-,47.26,0
2-Sep-10,47.32,47.40,47.28,47.28,70828
1-Sep-10,47.42,47.42,47.30,47.42,75776
31-Aug-10,47.44,47.56,47.44,47.56,63804
30-Aug-10,47.48,47.50,47.40,47.42,60459
27-Aug-10,47.40,47.48,47.36,47.42,115432
26-Aug-10,47.46,47.58,47.40,47.46,60582
25-Aug-10,47.34,47.52,47.34,47.38,125208
24-Aug-10,47.26,47.40,47.21,47.28,89491
23-Aug-10,47.24,47.26,47.12,47.14,60874
20-Aug-10,47.12,47.18,47.06,47.12,65558
19-Aug-10,47.00,47.08,47.00,47.00,124458
18-Aug-10,47.00,47.02,46.94,46.96,72586
17-Aug-10,46.92,46.94,46.84,46.88,99036
16-Aug-10,46.86,46.92,46.80,46.80,76155
13-Aug-10,46.68,46.84,46.68,46.78,87246
12-Aug-10,46.72,46.76,46.61,46.64,61208
11-Aug-10,46.64,46.68,46.60,46.66,89116
10-Aug-10,46.54,46.58,46.48,46.58,83254
9-Aug-10,46.68,46.68,46.46,46.48,133291
6-Aug-10,46.50,46.50,46.36,46.46,110808
5-Aug-10,46.42,46.42,46.30,46.42,81828
4-Aug-10,46.40,46.42,46.26,46.38,165478
3-Aug-10,46.30,46.38,46.26,46.26,72125
2-Aug-10,46.34,46.36,46.18,46.20,126768
30-Jul-10,46.40,46.42,46.38,46.42,55022
29-Jul-10,46.30,46.40,46.30,46.30,74352
28-Jul-10,46.28,46.40,46.28,46.36,43894
27-Jul-10,46.38,46.38,46.28,46.32,54981
26-Jul-10,46.38,46.38,46.26,46.26,64259
23-Jul-10,46.38,46.38,46.26,46.32,95924
22-Jul-10,46.32,46.34,46.24,46.28,49898
21-Jul-10,46.28,46.35,46.22,46.22,45384
20-Jul-10,46.22,46.27,46.18,46.26,45936
19-Jul-10,46.20,46.24,46.12,46.24,55586
16-Jul-10,46.18,46.18,46.08,46.16,52837
15-Jul-10,46.04,46.16,46.03,46.10,59748
14-Jul-10,46.08,46.10,46.02,46.02,105354
13-Jul-10,46.08,46.08,45.94,46.04,101452
12-Jul-10,45.96,46.06,45.96,45.96,125428
9-Jul-10,46.06,46.06,45.92,46.02,60816
8-Jul-10,45.96,46.08,45.92,45.92,91233
7-Jul-10,45.98,46.00,45.88,45.92,109850
6-Jul-10,45.98,45.98,45.86,45.88,57834
2-Jul-10,-,-,-,45.82,0
1-Jul-10,45.84,45.88,45.74,45.86,193822
30-Jun-10,45.92,45.96,45.84,45.88,90538
29-Jun-10,45.92,45.92,45.80,45.84,85834
28-Jun-10,45.82,45.82,45.76,45.76,129342
25-Jun-10,45.74,45.78,45.64,45.73,72298
24-Jun-10,45.74,45.74,45.66,45.66,84185
23-Jun-10,45.66,45.74,45.60,45.66,111767
22-Jun-10,45.70,45.70,45.60,45.70,123532
21-Jun-10,45.66,45.68,45.58,45.62,74246
18-Jun-10,45.56,45.66,45.56,45.64,76186
17-Jun-10,45.64,45.64,45.56,45.64,53848
16-Jun-10,45.54,45.64,45.54,45.60,62224
15-Jun-10,45.54,45.66,45.54,45.64,124122
14-Jun-10,45.76,45.76,45.64,45.68,116548
11-Jun-10,45.78,45.82,45.70,45.82,172222
10-Jun-10,45.88,45.88,45.70,45.78,98017
9-Jun-10,45.84,45.90,45.82,45.84,75020
8-Jun-10,45.92,45.92,45.86,45.92,82891
7-Jun-10,45.92,45.92,45.86,45.88,88790
4-Jun-10,45.90,45.98,45.78,45.90,303878
3-Jun-10,46.00,46.00,45.92,45.96,139555
2-Jun-10,45.98,46.00,45.88,46.00,74224
1-Jun-10,45.84,46.00,45.82,46.00,134906
28-May-10,-,-,-,46.10,0
27-May-10,46.08,46.22,46.04,46.10,67412
26-May-10,46.18,46.22,46.06,46.06,73178
25-May-10,46.04,46.24,46.04,46.10,78486
24-May-10,46.12,46.14,46.04,46.14,79128
21-May-10,45.96,46.10,45.90,46.10,75794
20-May-10,45.96,46.00,45.88,45.88,66572
19-May-10,45.82,45.95,45.82,45.92,102316
18-May-10,45.80,45.88,45.76,45.88,70844
17-May-10,45.74,45.80,45.72,45.80,70607
14-May-10,45.74,45.76,45.66,45.70,102260
13-May-10,45.64,45.74,45.64,45.74,59030
12-May-10,45.68,45.72,45.66,45.72,135942
11-May-10,45.72,45.74,45.62,45.72,127950
10-May-10,45.62,45.74,45.56,45.70,132672
7-May-10,45.80,45.80,45.60,45.74,65454
6-May-10,45.68,45.78,45.34,45.68,128082
5-May-10,45.68,45.72,45.56,45.56,135830
4-May-10,45.64,45.74,45.60,45.66,120698
3-May-10,45.60,45.70,45.60,45.66,81828
30-Apr-10,45.80,45.80,45.72,45.78,70360
29-Apr-10,45.72,45.78,45.67,45.78,118518
28-Apr-10,45.70,45.78,45.70,45.74,89839
27-Apr-10,45.66,45.78,45.60,45.76,66286
26-Apr-10,45.66,45.68,45.62,45.66,47320
23-Apr-10,45.70,45.70,45.54,45.60,95453
22-Apr-10,45.68,45.70,45.58,45.66,50113
21-Apr-10,45.48,45.68,45.48,45.68,150703
20-Apr-10,45.48,45.58,45.44,45.48,157072
19-Apr-10,45.50,45.56,45.44,45.56,101908
16-Apr-10,45.32,45.52,45.32,45.42,283014
15-Apr-10,45.26,45.42,45.26,45.34,61224
14-Apr-10,45.36,45.42,45.18,45.32,107810
13-Apr-10,45.34,45.36,45.26,45.36,93164
12-Apr-10,45.20,45.32,45.20,45.30,78654
9-Apr-10,45.20,45.40,45.20,45.24,56583
8-Apr-10,45.20,45.30,45.18,45.28,89770
7-Apr-10,45.20,45.28,45.18,45.24,70486
6-Apr-10,45.16,45.26,45.14,45.22,95560
5-Apr-10,45.14,45.32,45.14,45.16,157512
1-Apr-10,-,-,-,45.16,0
31-Mar-10,45.36,45.46,45.36,45.42,69822
30-Mar-10,45.42,45.56,45.36,45.44,157592
29-Mar-10,45.56,45.58,45.48,45.56,91188
26-Mar-10,45.48,45.60,45.44,45.52,137613
25-Mar-10,45.78,45.78,45.44,45.46,115576
24-Mar-10,45.88,45.90,45.66,45.78,117985
23-Mar-10,45.86,45.96,45.86,45.92,150814
22-Mar-10,45.86,45.96,45.86,45.92,82772
19-Mar-10,45.90,45.96,45.88,45.94,83574
18-Mar-10,45.84,45.92,45.84,45.92,81346
17-Mar-10,45.88,45.90,45.80,45.80,104496
16-Mar-10,45.86,45.92,45.80,45.80,110565
15-Mar-10,45.92,45.92,45.86,45.92,81414
12-Mar-10,45.92,45.92,45.82,45.88,81001
11-Mar-10,45.90,45.94,45.84,45.86,74396
10-Mar-10,45.88,45.90,45.80,45.86,228580
9-Mar-10,45.86,45.88,45.78,45.80,61844
8-Mar-10,45.82,45.88,45.78,45.84,67582
5-Mar-10,45.86,45.90,45.78,45.78,169913
4-Mar-10,45.76,45.86,45.74,45.84,62446
3-Mar-10,45.80,45.82,45.72,45.82,135290
2-Mar-10,45.76,45.82,45.68,45.76,219244
1-Mar-10,45.76,45.80,45.70,45.78,81740
26-Feb-10,45.86,45.90,45.80,45.84,61977
25-Feb-10,45.76,45.88,45.74,45.86,95677
24-Feb-10,45.80,45.87,45.72,45.74,155079
23-Feb-10,45.70,45.78,45.70,45.76,85804
22-Feb-10,45.66,45.74,45.64,45.64,168796
19-Feb-10,45.72,45.74,45.68,45.70,70160
18-Feb-10,45.72,45.74,45.64,45.66,76962
17-Feb-10,45.68,45.78,45.64,45.68,78594
16-Feb-10,45.66,45.78,45.64,45.76,63085
12-Feb-10,-,-,-,45.74,0
11-Feb-10,45.70,45.75,45.62,45.70,98223
10-Feb-10,45.70,45.74,45.60,45.72,102714
9-Feb-10,45.64,45.76,45.58,45.60,105900
8-Feb-10,45.70,45.70,45.62,45.66,87755
5-Feb-10,45.64,45.68,45.52,45.64,169401
4-Feb-10,45.46,45.64,45.44,45.54,92782
3-Feb-10,45.40,45.44,45.32,45.34,125090
2-Feb-10,45.32,45.44,45.30,45.44,78869
1-Feb-10,45.32,45.34,45.24,45.24,136717
29-Jan-10,45.44,45.48,45.40,45.40,89290
28-Jan-10,45.44,45.48,45.40,45.40,90646
27-Jan-10,45.42,45.60,45.40,45.42,217152
26-Jan-10,45.50,45.50,45.40,45.40,137771
25-Jan-10,45.60,45.60,45.44,45.44,89102
22-Jan-10,45.46,45.54,45.42,45.42,179691
21-Jan-10,45.44,45.56,45.44,45.56,100138
20-Jan-10,45.46,45.50,45.42,45.50,118126
19-Jan-10,45.52,45.52,45.40,45.42,156684
15-Jan-10,-,-,-,45.42,0
14-Jan-10,45.48,45.48,45.44,45.44,83585
13-Jan-10,45.48,45.50,45.38,45.48,123158
12-Jan-10,45.40,45.50,45.38,45.40,129230
11-Jan-10,45.36,45.46,45.34,45.46,123194
8-Jan-10,45.46,45.46,45.32,45.44,175948
7-Jan-10,45.40,45.44,45.32,45.42,124406
6-Jan-10,45.44,45.44,45.34,45.40,136076
5-Jan-10,45.34,45.38,45.24,45.34,136098
4-Jan-10,45.24,45.34,45.22,45.22,476746
31-Dec-09,-,-,-,45.36,0
30-Dec-09,45.30,45.42,45.30,45.32,144436
29-Dec-09,45.38,45.42,45.30,45.42,100534
28-Dec-09,45.60,45.60,45.50,45.50,65214
24-Dec-09,45.52,45.60,45.52,45.60,35438
23-Dec-09,45.60,45.62,45.50,45.58,86890
22-Dec-09,45.70,45.70,45.50,45.62,70193
21-Dec-09,45.60,45.66,45.56,45.60,71312
18-Dec-09,45.68,45.72,45.58,45.62,121050
17-Dec-09,45.66,45.72,45.60,45.62,91924
16-Dec-09,45.56,45.66,45.56,45.58,106863
15-Dec-09,45.68,45.70,45.54,45.54,89880
14-Dec-09,45.58,45.74,45.56,45.68,85374
11-Dec-09,45.70,45.74,45.62,45.62,76622
10-Dec-09,45.70,45.78,45.66,45.72,92487
9-Dec-09,45.72,45.78,45.64,45.76,56120
8-Dec-09,45.66,45.80,45.64,45.74,90915
7-Dec-09,45.70,45.78,45.64,45.78,93616
4-Dec-09,45.58,45.72,45.58,45.70,66182
3-Dec-09,45.64,45.70,45.54,45.68,86869
2-Dec-09,45.44,45.64,45.44,45.48,140608
1-Dec-09,45.38,45.50,45.32,45.42,88470
30-Nov-09,45.48,45.56,45.42,45.52,62646
27-Nov-09,45.36,45.48,45.36,45.46,30518
25-Nov-09,45.42,45.48,45.36,45.36,65366
24-Nov-09,45.34,45.42,45.30,45.40,75991
23-Nov-09,45.36,45.40,45.28,45.30,63206
20-Nov-09,45.38,45.40,45.24,45.26,59017
19-Nov-09,45.22,45.34,45.12,45.34,75523
18-Nov-09,45.06,45.22,45.06,45.22,92168
17-Nov-09,45.16,45.22,45.06,45.10,78428
16-Nov-09,45.10,45.16,45.00,45.06,88854
13-Nov-09,45.08,45.36,44.98,45.08,89086
12-Nov-09,45.02,45.06,44.98,45.02,98066
11-Nov-09,44.86,45.07,44.86,45.04,52244
10-Nov-09,45.02,45.04,44.78,45.00,109620
9-Nov-09,45.02,45.06,44.88,45.06,56488
6-Nov-09,44.96,45.10,44.80,45.06,85710
5-Nov-09,45.00,45.04,44.78,45.00,87086
4-Nov-09,44.86,44.98,44.68,44.74,93192
3-Nov-09,44.70,45.02,44.70,44.98,82669
2-Nov-09,45.02,45.02,44.64,44.96,122215
30-Oct-09,45.12,45.22,44.92,45.14,119158
29-Oct-09,45.04,45.20,44.92,45.18,89706
28-Oct-09,45.26,45.30,44.98,45.18,119340
27-Oct-09,45.26,45.26,44.94,45.24,95960
26-Oct-09,45.32,45.34,44.94,45.18,129612
23-Oct-09,45.32,45.32,45.10,45.24,91672
22-Oct-09,45.14,45.30,45.14,45.30,109460
21-Oct-09,45.32,45.34,45.12,45.28,106332
20-Oct-09,45.06,45.46,45.02,45.34,162736
19-Oct-09,45.22,45.34,45.00,45.22,132955
16-Oct-09,45.30,45.38,45.02,45.02,152206
15-Oct-09,44.62,45.32,44.30,45.32,204402
14-Oct-09,45.24,45.46,44.60,44.72,243432
13-Oct-09,45.46,45.66,45.28,45.32,84770
12-Oct-09,45.64,45.78,45.44,45.56,67908
9-Oct-09,45.80,46.00,45.20,45.58,148710
8-Oct-09,46.16,46.20,45.80,46.00,100721
7-Oct-09,46.36,46.36,46.06,46.24,83088
6-Oct-09,46.30,46.44,46.28,46.36,67686
5-Oct-09,46.42,46.46,46.26,46.26,100425
2-Oct-09,46.40,46.50,46.28,46.34,45146
1-Oct-09,46.42,46.48,46.22,46.42,429890
30-Sep-09,46.46,46.66,46.38,46.48,239696
29-Sep-09,46.44,46.49,46.22,46.48,160825
28-Sep-09,46.42,46.48,46.32,46.46,67118
25-Sep-09,46.34,46.36,46.20,46.36,75847
24-Sep-09,46.18,46.32,46.16,46.20,57548
23-Sep-09,46.22,46.28,46.10,46.28,66208
22-Sep-09,46.06,46.20,46.02,46.20,82169
21-Sep-09,46.06,46.10,46.00,46.02,56562
18-Sep-09,45.96,46.00,45.80,46.00,101274
17-Sep-09,45.68,45.95,45.66,45.92,114418
16-Sep-09,45.78,45.78,45.62,45.78,116756
15-Sep-09,45.62,45.74,45.62,45.72,92740
14-Sep-09,45.70,45.80,45.62,45.76,85994
11-Sep-09,45.56,45.72,45.45,45.72,114366
10-Sep-09,45.38,45.58,45.31,45.56,82304
9-Sep-09,45.26,45.38,45.26,45.38,91368
8-Sep-09,45.32,45.38,45.24,45.36,129672
4-Sep-09,45.34,45.36,45.20,45.35,82994
3-Sep-09,45.24,45.36,45.14,45.32,89162
2-Sep-09,45.02,45.26,44.96,45.26,110206
1-Sep-09,44.94,45.10,44.84,45.08,87748
31-Aug-09,45.08,45.08,45.00,45.00,80736
28-Aug-09,44.88,45.16,44.84,45.04,96363
27-Aug-09,44.78,44.96,44.78,44.96,86348
26-Aug-09,44.80,44.92,44.80,44.89,74476
25-Aug-09,44.90,44.90,44.80,44.84,89126
24-Aug-09,44.90,44.90,44.78,44.88,89657
21-Aug-09,44.76,44.92,44.72,44.88,282732
20-Aug-09,44.86,44.88,44.80,44.80,74138
19-Aug-09,44.82,44.88,44.70,44.88,81657
18-Aug-09,44.70,44.80,44.60,44.78,71868
17-Aug-09,44.68,44.72,44.58,44.58,108632
14-Aug-09,44.62,44.66,44.48,44.62,102816
13-Aug-09,44.46,44.60,44.40,44.60,60378
12-Aug-09,44.60,44.60,44.40,44.56,82448
10-Aug-09,44.54,44.54,44.42,44.54,98376
7-Aug-09,44.38,44.50,44.34,44.48,153729
6-Aug-09,44.40,44.62,44.38,44.42,58121
5-Aug-09,44.44,44.52,44.30,44.52,76387
4-Aug-09,44.46,44.46,44.34,44.46,69455
3-Aug-09,44.42,44.48,44.30,44.32,92630
31-Jul-09,44.50,44.60,44.42,44.58,104596
30-Jul-09,44.42,44.56,44.30,44.48,84443
29-Jul-09,44.38,44.44,44.24,44.32,85474
28-Jul-09,44.28,44.48,44.20,44.36,110849
27-Jul-09,44.48,44.48,44.30,44.40,65928
24-Jul-09,44.48,44.54,44.40,44.48,130994
23-Jul-09,44.56,44.58,44.40,44.40,64906
22-Jul-09,44.50,44.52,44.38,44.50,93646
21-Jul-09,44.48,44.48,44.36,44.40,67689
20-Jul-09,44.40,44.50,44.28,44.48,65576
17-Jul-09,44.34,44.46,44.32,44.40,52916
16-Jul-09,44.28,44.56,44.28,44.50,115164
15-Jul-09,44.54,44.54,44.36,44.46,66166
14-Jul-09,44.62,44.62,44.30,44.56,82446
13-Jul-09,44.24,44.56,44.24,44.44,49736
10-Jul-09,44.52,44.60,44.28,44.28,63072
9-Jul-09,44.46,44.56,44.26,44.48,60255
8-Jul-09,44.14,44.24,43.94,44.10,40547
7-Jul-09,43.96,44.10,43.72,44.08,94504
6-Jul-09,43.68,44.08,43.68,43.94,426150
2-Jul-09,43.80,43.94,43.72,43.74,59642
1-Jul-09,43.90,43.96,43.58,43.80,541185
30-Jun-09,43.92,44.04,43.82,44.04,51594
29-Jun-09,43.96,44.04,43.82,43.94,149664
26-Jun-09,43.94,43.96,43.82,43.94,51510
25-Jun-09,43.72,43.96,43.62,43.94,78270
24-Jun-09,43.84,43.96,43.58,43.88,70404
23-Jun-09,43.72,43.92,43.72,43.88,64228
22-Jun-09,43.80,43.86,43.64,43.84,56794
19-Jun-09,43.90,44.62,43.66,43.74,56720
18-Jun-09,43.70,43.86,43.60,43.82,151171
17-Jun-09,43.74,43.86,43.64,43.86,63526
16-Jun-09,43.68,43.76,43.52,43.76,47257
15-Jun-09,43.68,43.74,43.52,43.64,48122
12-Jun-09,43.60,43.72,43.44,43.50,84233
11-Jun-09,43.52,43.70,43.44,43.58,76750
10-Jun-09,43.90,43.96,43.52,43.72,111972
9-Jun-09,44.06,44.12,43.76,44.00,105914
8-Jun-09,44.08,44.18,44.00,44.12,48554
5-Jun-09,44.30,44.30,44.00,44.06,102588
4-Jun-09,44.30,44.33,44.14,44.28,65535
3-Jun-09,44.26,44.36,44.10,44.18,82893
2-Jun-09,44.44,44.44,44.02,44.04,103822
1-Jun-09,44.50,44.58,44.10,44.10,72086
29-May-09,44.64,44.67,44.36,44.60,99952
28-May-09,44.90,44.90,44.50,44.56,63484
27-May-09,44.82,44.98,44.66,44.88,65616
26-May-09,45.16,45.16,44.90,44.90,42245
22-May-09,45.20,45.32,44.90,45.10,58114
21-May-09,45.04,45.24,45.04,45.14,96969
20-May-09,44.86,45.16,44.78,45.14,122030
19-May-09,44.92,44.96,44.72,44.80,148839
18-May-09,45.00,45.00,44.22,44.70,111601
15-May-09,44.88,44.90,44.72,44.89,90248
14-May-09,44.80,44.88,44.64,44.86,60074
13-May-09,44.72,44.80,44.50,44.78,69080
12-May-09,44.70,44.70,44.60,44.70,60297
11-May-09,44.64,44.66,44.40,44.56,75630
8-May-09,44.52,45.60,44.20,44.26,110722
7-May-09,44.44,44.62,44.28,44.52,71046
6-May-09,44.34,44.50,44.18,44.50,74794
5-May-09,44.32,44.44,44.30,44.37,107141
4-May-09,44.42,44.56,44.24,44.30,83776
1-May-09,44.42,44.44,44.24,44.37,55098
30-Apr-09,44.64,44.72,44.44,44.58,84998
29-Apr-09,44.66,44.70,44.44,44.64,67464
28-Apr-09,44.72,44.74,44.48,44.72,68750
27-Apr-09,44.82,44.82,44.60,44.66,144176
24-Apr-09,44.48,44.86,44.42,44.78,76780
23-Apr-09,44.84,45.00,44.40,44.52,155457
22-Apr-09,44.70,44.98,44.70,44.90,88008
21-Apr-09,44.86,44.98,44.56,44.98,72604
20-Apr-09,44.70,44.78,44.40,44.76,118902
17-Apr-09,44.48,44.59,44.40,44.54,114986
16-Apr-09,44.14,44.56,44.14,44.54,199353
15-Apr-09,43.90,44.18,43.86,44.18,98430
14-Apr-09,43.70,44.00,43.70,43.78,106015
13-Apr-09,43.90,43.98,43.72,43.80,121640
9-Apr-09,43.86,43.86,43.60,43.74,62325
8-Apr-09,43.80,43.92,43.74,43.85,86576
7-Apr-09,43.82,43.84,43.60,43.82,50414
6-Apr-09,43.78,43.88,43.65,43.74,50951
3-Apr-09,43.82,43.86,43.60,43.78,51725
2-Apr-09,43.86,43.88,43.56,43.66,79377
1-Apr-09,43.76,43.83,43.56,43.79,67258
31-Mar-09,43.74,44.20,43.64,44.20,102344
30-Mar-09,43.68,43.72,43.52,43.70,98858
27-Mar-09,43.56,43.68,43.46,43.64,95116
26-Mar-09,43.62,43.64,43.36,43.58,108030
25-Mar-09,43.78,43.78,43.52,43.64,116476
24-Mar-09,43.70,43.74,43.46,43.72,117939
23-Mar-09,43.74,43.76,43.42,43.60,112965
20-Mar-09,43.82,43.82,43.62,43.76,69494
19-Mar-09,43.34,44.40,43.24,43.90,97876
18-Mar-09,42.96,43.20,42.74,43.10,92726
17-Mar-09,43.18,43.38,42.90,43.04,84590
16-Mar-09,43.36,43.36,43.20,43.32,70496
13-Mar-09,43.34,43.42,43.12,43.34,88140
12-Mar-09,43.30,43.38,43.10,43.18,93202
11-Mar-09,43.48,43.56,43.12,43.20,111512
10-Mar-09,43.34,43.40,43.16,43.40,91946
9-Mar-09,43.40,43.48,43.22,43.22,100118
6-Mar-09,43.46,43.50,43.22,43.45,50389
5-Mar-09,43.10,43.48,43.10,43.42,77064
4-Mar-09,43.58,43.58,43.16,43.18,77466
3-Mar-09,43.46,43.74,43.32,43.44,255338
2-Mar-09,43.82,43.86,43.42,43.48,153882
27-Feb-09,43.96,44.02,43.78,43.86,74119
26-Feb-09,44.00,44.02,43.74,43.92,97417
25-Feb-09,43.88,44.06,43.88,43.96,92350
24-Feb-09,44.01,44.06,43.82,43.90,76684
23-Feb-09,44.16,44.20,43.84,44.04,90814
20-Feb-09,44.32,44.38,43.98,44.20,111464
19-Feb-09,44.38,44.54,44.24,44.32,165298
18-Feb-09,44.48,44.48,44.30,44.39,126634
17-Feb-09,44.60,44.62,44.36,44.50,58216
13-Feb-09,44.58,44.62,44.46,44.60,45396
12-Feb-09,44.48,44.60,44.45,44.52,90627
11-Feb-09,44.48,44.56,44.28,44.48,42460
10-Feb-09,44.34,44.40,44.28,44.40,53825
9-Feb-09,44.36,44.40,44.04,44.28,62452
6-Feb-09,44.60,44.60,44.10,44.10,42194
5-Feb-09,44.06,44.46,43.90,44.38,115872
4-Feb-09,43.80,44.18,43.76,43.76,58421
3-Feb-09,43.80,43.94,43.50,43.88,95213
2-Feb-09,43.96,44.02,43.42,43.82,129858
30-Jan-09,44.00,44.04,43.68,44.00,191753
29-Jan-09,43.78,43.88,43.56,43.84,53978
28-Jan-09,43.80,43.94,43.32,43.80,92848
27-Jan-09,43.46,43.60,43.26,43.60,71190
26-Jan-09,43.62,43.66,43.14,43.38,79212
23-Jan-09,43.76,43.84,43.26,43.58,124004
22-Jan-09,43.78,44.02,43.67,43.89,213120
21-Jan-09,44.12,44.12,43.64,43.68,144204
20-Jan-09,44.60,44.60,44.06,44.28,110007
16-Jan-09,44.64,44.64,44.28,44.54,105410
15-Jan-09,44.78,44.78,44.24,44.70,42712
14-Jan-09,44.48,44.70,44.08,44.62,106844
13-Jan-09,43.80,44.32,43.74,44.32,57507
12-Jan-09,44.00,44.14,43.58,43.80,283398
9-Jan-09,43.76,43.92,43.48,43.92,134128
8-Jan-09,43.20,43.60,43.14,43.60,52788
7-Jan-09,42.94,43.50,42.84,42.96,108586
6-Jan-09,43.00,43.00,42.64,42.70,85472
5-Jan-09,42.92,43.10,42.56,43.10,579363
2-Jan-09,42.76,43.08,42.50,42.52,62844
31-Dec-08,42.68,42.90,42.36,42.84,128354
30-Dec-08,42.76,42.88,42.52,42.78,92449
29-Dec-08,42.72,42.94,42.36,42.90,113778
26-Dec-08,43.10,43.10,42.20,42.86,128868
24-Dec-08,42.20,42.86,42.20,42.58,103897
23-Dec-08,42.22,42.38,41.68,42.38,129482
22-Dec-08,42.00,42.32,41.72,42.15,157034
19-Dec-08,41.86,42.12,41.54,42.00,124022
18-Dec-08,41.32,41.76,40.64,41.74,268514
17-Dec-08,40.20,41.12,39.98,41.06,186302
16-Dec-08,40.32,40.32,39.78,39.90,230382
15-Dec-08,40.30,40.44,39.80,39.80,103104
12-Dec-08,40.46,40.48,40.02,40.08,96218
11-Dec-08,40.38,40.70,40.38,40.60,118258
10-Dec-08,40.62,40.70,40.39,40.64,78762
9-Dec-08,40.80,40.80,40.22,40.50,55295
8-Dec-08,41.04,41.06,40.34,40.34,73924
5-Dec-08,41.24,41.24,40.54,41.18,60968
4-Dec-08,41.36,41.48,40.50,41.24,92416
3-Dec-08,41.70,41.78,40.96,41.62,102622
2-Dec-08,41.82,41.82,41.40,41.56,70752
1-Dec-08,41.80,41.90,41.48,41.68,62536
28-Nov-08,41.94,42.43,41.08,42.06,11145
26-Nov-08,42.24,42.26,41.42,41.80,73558
25-Nov-08,42.02,42.06,41.72,41.96,57570
24-Nov-08,41.72,42.22,41.60,41.96,100012
21-Nov-08,42.22,42.40,42.08,42.08,62726
20-Nov-08,42.52,42.52,41.90,41.92,83516
19-Nov-08,42.48,42.50,42.22,42.22,40402
18-Nov-08,42.42,42.56,42.18,42.54,30506
17-Nov-08,42.38,42.52,42.04,42.46,73923
14-Nov-08,41.98,42.60,41.98,42.38,154488
13-Nov-08,42.28,42.33,41.90,42.16,52730
12-Nov-08,42.10,42.36,41.70,42.30,108809
11-Nov-08,42.28,42.32,42.06,42.28,55296
10-Nov-08,42.08,42.30,41.82,41.82,42260
7-Nov-08,41.48,42.24,41.48,41.76,88550
6-Nov-08,41.80,41.94,41.32,41.88,56700
5-Nov-08,41.28,41.78,41.28,41.60,48350
4-Nov-08,41.60,41.72,41.04,41.12,79550
3-Nov-08,41.76,41.76,41.02,41.58,33300
31-Oct-08,41.44,41.64,40.56,41.54,296900
30-Oct-08,41.30,41.40,40.64,41.36,54900
29-Oct-08,41.46,41.46,40.14,41.10,99050
28-Oct-08,41.70,41.70,40.40,40.62,88050
27-Oct-08,41.48,41.90,40.18,41.00,75600
24-Oct-08,41.28,41.86,40.78,41.46,43100
23-Oct-08,41.38,41.40,40.64,41.30,149000
22-Oct-08,40.38,40.98,39.94,40.10,42050
21-Oct-08,38.84,40.00,38.84,39.96,133900
20-Oct-08,39.08,39.26,38.68,39.12,49350
17-Oct-08,39.00,39.00,37.74,38.58,59500
16-Oct-08,38.86,39.50,37.70,37.88,26250
15-Oct-08,39.48,39.48,37.12,39.00,62300
14-Oct-08,39.86,40.42,38.66,39.00,64500
13-Oct-08,38.72,39.60,34.00,39.60,90700
10-Oct-08,39.86,40.40,38.52,39.48,48750
9-Oct-08,41.62,41.62,39.84,40.40,66600
8-Oct-08,42.10,42.30,40.50,40.50,71750
7-Oct-08,41.98,42.08,41.22,41.22,75250
6-Oct-08,40.92,42.82,40.92,42.70,162700
3-Oct-08,42.14,43.18,41.44,41.96,110150
2-Oct-08,42.36,43.20,41.22,41.76,55450
1-Oct-08,40.90,41.46,40.80,41.08,57000
30-Sep-08,40.88,41.52,40.56,41.26,34400
29-Sep-08,41.66,41.90,38.60,41.12,125300
26-Sep-08,40.82,42.68,40.80,42.48,40000
25-Sep-08,41.94,42.58,41.50,41.50,50100
24-Sep-08,42.14,42.92,40.50,42.00,42650
23-Sep-08,42.22,43.12,41.72,42.04,36400
22-Sep-08,44.64,44.64,41.92,42.13,57800
19-Sep-08,43.14,44.80,41.30,43.19,107750
18-Sep-08,41.40,43.20,41.40,42.70,88700
17-Sep-08,43.82,44.00,40.86,41.03,116150
16-Sep-08,43.62,44.10,43.62,44.10,58750
15-Sep-08,43.62,44.78,43.60,44.78,67200
12-Sep-08,44.44,44.50,44.12,44.30,57100
11-Sep-08,44.22,44.52,44.22,44.38,35100
10-Sep-08,44.34,44.50,44.04,44.32,49850
9-Sep-08,44.24,44.50,44.10,44.50,32650
8-Sep-08,44.22,44.40,43.70,44.26,21000
5-Sep-08,43.98,44.30,43.98,44.28,56600
4-Sep-08,44.10,44.24,43.40,43.94,95300
3-Sep-08,43.98,44.12,43.86,44.08,33850
2-Sep-08,43.88,44.00,43.46,43.88,33400
29-Aug-08,44.10,44.16,43.94,44.16,42800
28-Aug-08,44.04,44.08,43.98,44.00,46850
27-Aug-08,44.06,44.10,44.02,44.08,23800
26-Aug-08,44.16,44.22,44.02,44.20,65300
25-Aug-08,44.14,44.20,44.02,44.20,44600
22-Aug-08,44.08,44.24,44.02,44.22,88100
21-Aug-08,44.12,44.14,44.00,44.08,16900
20-Aug-08,44.12,44.18,43.94,44.16,22500
19-Aug-08,44.10,44.24,43.88,44.24,87100
18-Aug-08,44.10,44.12,43.82,43.82,44400
15-Aug-08,43.78,43.94,43.70,43.90,41750
14-Aug-08,43.66,43.82,43.66,43.76,25650
13-Aug-08,43.56,43.92,43.36,43.70,60450
12-Aug-08,43.54,43.70,43.44,43.62,83200
11-Aug-08,43.64,43.66,43.42,43.50,29850
8-Aug-08,43.54,43.64,43.36,43.58,21000
7-Aug-08,43.44,43.54,43.34,43.48,42700
6-Aug-08,43.42,43.54,43.30,43.54,64250
5-Aug-08,43.56,43.56,43.26,43.40,43200
4-Aug-08,43.32,43.52,42.96,43.42,31100
1-Aug-08,40.08,43.46,40.08,43.42,14550
31-Jul-08,43.48,43.48,43.32,43.45,24350
30-Jul-08,43.36,43.50,43.20,43.44,53500
29-Jul-08,43.40,43.46,43.24,43.46,20700
28-Jul-08,43.28,43.40,43.10,43.30,24850
25-Jul-08,43.28,43.36,43.02,43.26,12150
24-Jul-08,43.24,43.38,42.98,43.30,19000
23-Jul-08,43.36,43.42,43.18,43.20,27800
22-Jul-08,43.68,43.68,43.16,43.52,35750
21-Jul-08,43.34,43.66,43.34,43.60,11200
18-Jul-08,43.80,43.80,43.30,43.40,19200
17-Jul-08,43.94,43.94,43.54,43.72,19400
16-Jul-08,43.91,43.96,43.78,43.90,20050
15-Jul-08,43.72,44.00,43.72,43.98,44300
14-Jul-08,43.90,44.82,43.26,43.80,79850
11-Jul-08,43.88,43.88,43.44,43.62,19800
10-Jul-08,43.88,43.88,43.56,43.84,32600
9-Jul-08,43.82,43.88,43.64,43.88,17000
8-Jul-08,43.74,43.80,43.50,43.64,13950
7-Jul-08,43.88,43.88,43.62,43.62,39950
3-Jul-08,43.66,43.66,43.32,43.48,26300
2-Jul-08,43.62,43.62,43.30,43.38,40900
1-Jul-08,43.16,43.46,43.00,43.36,39850
30-Jun-08,43.12,43.50,43.12,43.40,48100
27-Jun-08,43.22,43.22,42.98,43.16,23050
26-Jun-08,42.74,43.20,42.74,43.20,29200
25-Jun-08,42.84,43.00,42.70,42.94,22650
24-Jun-08,42.90,43.02,42.64,42.92,24900
23-Jun-08,43.26,43.26,41.90,42.20,205650
20-Jun-08,43.30,43.36,43.00,43.30,49150
19-Jun-08,43.52,43.64,43.30,43.50,39150
18-Jun-08,43.60,43.66,43.38,43.38,30150
17-Jun-08,43.68,43.74,43.44,43.48,42200
16-Jun-08,43.46,43.84,43.38,43.68,66400
13-Jun-08,43.86,43.86,43.54,43.70,23750
12-Jun-08,43.88,44.00,43.66,43.80,54300
11-Jun-08,44.08,44.10,43.92,43.94,46650
10-Jun-08,44.08,44.22,43.86,44.00,58500
9-Jun-08,43.96,44.14,43.92,44.06,14500
6-Jun-08,43.98,44.36,43.98,44.28,40700
5-Jun-08,44.16,44.32,44.08,44.22,42450
4-Jun-08,44.32,44.32,44.16,44.16,60200
3-Jun-08,44.24,44.30,44.14,44.28,37500
2-Jun-08,44.14,44.32,44.11,44.18,22900
30-May-08,44.06,44.24,44.00,44.24,31650
29-May-08,44.12,44.22,44.04,44.16,46350
28-May-08,44.40,44.40,44.20,44.35,54050
27-May-08,44.38,44.42,44.22,44.41,57450
23-May-08,44.28,44.58,44.28,44.50,27950
22-May-08,44.38,44.44,44.12,44.42,50250
21-May-08,44.46,44.56,44.28,44.38,67650
20-May-08,44.94,44.94,44.34,44.52,18350
19-May-08,44.62,44.78,44.44,44.66,52700
16-May-08,44.42,45.48,44.34,44.52,49100
15-May-08,44.30,44.36,44.24,44.36,40450
14-May-08,44.34,44.34,44.20,44.28,53350
13-May-08,44.28,44.34,44.16,44.34,35950
12-May-08,44.34,44.48,44.10,44.23,78900
9-May-08,44.24,44.32,44.05,44.16,52900
8-May-08,44.10,44.12,43.99,44.04,73850
7-May-08,43.97,44.02,43.72,43.84,66650
6-May-08,44.10,44.18,43.97,44.00,53450
5-May-08,44.32,44.32,43.94,44.06,54850
2-May-08,43.96,44.18,43.72,44.18,53500
1-May-08,44.08,44.14,43.72,43.90,166800
30-Apr-08,44.20,44.24,44.02,44.18,45100
29-Apr-08,44.30,44.30,43.90,44.02,69100
28-Apr-08,44.14,44.70,43.92,44.04,40600
25-Apr-08,44.18,44.18,43.82,43.90,66500
24-Apr-08,44.28,44.34,44.02,44.18,58450
23-Apr-08,44.52,44.52,44.24,44.28,52800
22-Apr-08,44.32,44.38,44.28,44.36,48900
21-Apr-08,44.32,44.34,44.18,44.34,47150
18-Apr-08,44.22,44.38,44.12,44.36,43100
17-Apr-08,44.68,44.68,44.24,44.36,45850
16-Apr-08,44.44,44.58,44.26,44.42,36350
15-Apr-08,44.42,44.50,44.26,44.40,30100
14-Apr-08,44.32,44.56,44.18,44.56,89900
11-Apr-08,44.00,44.34,44.00,44.32,36800
10-Apr-08,44.02,44.48,44.02,44.30,75900
9-Apr-08,44.00,44.20,43.88,44.18,56200
8-Apr-08,43.96,44.00,43.54,43.80,77300
7-Apr-08,43.94,44.02,43.68,43.88,56300
4-Apr-08,43.78,43.88,43.62,43.80,234200
3-Apr-08,43.88,44.54,43.36,43.48,83050
2-Apr-08,43.62,43.70,42.94,43.55,60100
1-Apr-08,44.02,44.02,43.24,43.63,233800
31-Mar-08,44.08,44.08,43.56,43.80,215950
28-Mar-08,44.36,44.36,43.54,43.77,45700
27-Mar-08,44.16,44.16,43.34,43.76,54400
26-Mar-08,44.46,44.46,43.22,43.74,63550
25-Mar-08,43.52,43.74,43.52,43.62,43400
24-Mar-08,43.46,44.18,43.46,43.74,73850
20-Mar-08,43.68,44.00,42.24,43.66,75200
19-Mar-08,43.76,44.22,43.44,43.60,55150
18-Mar-08,43.98,44.24,43.82,44.12,87450
17-Mar-08,43.80,43.80,43.24,43.52,73000
14-Mar-08,43.60,44.00,43.20,43.66,42050
13-Mar-08,43.60,43.88,43.44,43.78,103800
12-Mar-08,43.98,44.72,43.44,43.62,76050
11-Mar-08,44.64,44.64,43.10,43.70,140900
10-Mar-08,44.46,45.20,43.00,44.26,63850
7-Mar-08,43.82,44.18,43.62,44.08,167350
6-Mar-08,43.54,45.06,43.28,43.88,123650
5-Mar-08,43.36,44.07,43.28,43.28,67550
4-Mar-08,43.50,44.28,42.84,43.10,122650
3-Mar-08,42.74,43.88,42.46,43.56,106750
29-Feb-08,42.98,43.02,40.98,42.62,105000
28-Feb-08,43.28,43.34,43.02,43.08,46550
27-Feb-08,43.70,44.22,43.38,43.42,57500
26-Feb-08,43.76,44.60,43.60,43.91,11450
25-Feb-08,44.18,44.28,43.58,43.80,43950
22-Feb-08,44.32,44.50,44.24,44.36,50500
21-Feb-08,44.46,44.62,43.90,44.40,32200
20-Feb-08,44.50,44.62,44.28,44.56,22600
19-Feb-08,44.68,44.72,43.70,44.62,41150
15-Feb-08,44.64,44.84,44.40,44.74,40350
14-Feb-08,44.84,45.08,44.82,45.08,39900
13-Feb-08,44.98,45.10,44.92,45.08,13850
12-Feb-08,45.06,45.28,44.62,45.20,48000
11-Feb-08,45.28,45.36,45.06,45.24,46800
8-Feb-08,44.98,45.26,44.90,45.24,45900
7-Feb-08,45.14,45.20,44.80,45.06,21800
6-Feb-08,45.16,45.20,45.02,45.18,20050
5-Feb-08,44.96,45.28,44.96,45.20,16750
4-Feb-08,44.98,45.00,44.50,44.90,35500
1-Feb-08,45.04,45.10,44.80,45.08,18900
31-Jan-08,45.04,45.16,44.92,45.14,49300
30-Jan-08,45.20,45.50,44.72,45.10,76200
29-Jan-08,45.12,45.44,45.12,45.32,51750
28-Jan-08,45.36,45.36,45.18,45.34,17850
25-Jan-08,45.36,45.50,45.10,45.14,22450
24-Jan-08,45.64,45.70,45.41,45.47,41950
23-Jan-08,45.70,45.82,45.56,45.58,31450
22-Jan-08,45.26,45.70,45.18,45.70,56000
18-Jan-08,45.50,45.52,45.30,45.42,28700
17-Jan-08,45.28,45.66,44.84,45.66,535900
16-Jan-08,45.34,45.54,45.26,45.40,59000
15-Jan-08,45.22,45.44,45.22,45.42,18150
14-Jan-08,45.14,45.22,45.00,45.22,34250
11-Jan-08,45.16,45.30,45.12,45.22,16550
10-Jan-08,45.22,45.22,45.00,45.16,17350
9-Jan-08,46.12,46.12,44.80,45.22,29200
8-Jan-08,44.92,45.02,44.82,45.02,18700
7-Jan-08,44.80,44.94,44.70,44.92,14600
4-Jan-08,44.76,45.06,44.68,44.88,42600
3-Jan-08,44.60,44.82,44.50,44.82,19450
2-Jan-08,45.96,45.96,44.52,44.72,53500
31-Dec-07,44.34,44.60,44.34,44.52,14750
28-Dec-07,48.10,48.10,44.36,44.54,22150
27-Dec-07,44.46,44.56,44.44,44.54,13400
26-Dec-07,44.38,44.52,44.14,44.46,14900
24-Dec-07,44.34,44.56,44.32,44.52,7150
21-Dec-07,44.32,44.48,44.32,44.46,5850
20-Dec-07,44.54,44.72,44.46,44.52,15600
19-Dec-07,44.48,44.62,44.32,44.58,26150
18-Dec-07,44.38,44.82,44.16,44.44,53650
17-Dec-07,44.60,44.60,44.02,44.40,17850
14-Dec-07,44.22,46.88,44.00,44.30,22800
13-Dec-07,44.22,47.18,44.20,44.32,45900
12-Dec-07,44.38,44.54,44.26,44.48,100500
11-Dec-07,44.32,44.48,44.32,44.40,21750
10-Dec-07,44.30,44.34,44.06,44.28,12950
7-Dec-07,45.08,45.08,44.10,44.32,43050
6-Dec-07,44.58,44.58,44.28,44.52,26850
5-Dec-07,44.74,44.74,44.34,44.40,6550
4-Dec-07,44.48,44.50,44.30,44.30,17900
3-Dec-07,44.58,44.58,44.31,44.42,14100
30-Nov-07,44.44,44.46,44.38,44.38,7750
29-Nov-07,44.60,45.08,44.40,44.64,27700
28-Nov-07,44.50,47.28,44.20,44.40,18850
27-Nov-07,44.66,44.66,44.34,44.42,26100
26-Nov-07,44.48,44.64,44.40,44.64,17400
23-Nov-07,44.30,44.34,44.30,44.34,2800
21-Nov-07,44.36,44.36,44.28,44.30,16850
20-Nov-07,44.18,44.74,44.00,44.18,17000
19-Nov-07,44.18,44.34,44.04,44.34,9300
16-Nov-07,44.20,44.40,44.10,44.20,32650
15-Nov-07,44.08,44.14,44.04,44.14,14000
14-Nov-07,43.98,44.48,43.98,44.08,16700
13-Nov-07,43.92,44.56,43.80,43.98,23600
12-Nov-07,44.00,44.00,43.84,43.92,6400
9-Nov-07,44.00,44.04,43.92,44.02,14250
8-Nov-07,44.00,44.06,43.90,44.06,10150
7-Nov-07,44.24,44.46,43.92,44.06,14850
6-Nov-07,44.24,44.24,43.94,44.18,11750
5-Nov-07,44.30,44.30,44.12,44.18,20500
2-Nov-07,44.08,44.30,44.08,44.30,8300
1-Nov-07,44.18,44.30,44.14,44.14,12750
31-Oct-07,44.20,44.74,44.14,44.18,16550
30-Oct-07,44.36,44.36,44.30,44.36,21900
29-Oct-07,44.34,44.36,44.30,44.36,10700
26-Oct-07,44.36,44.40,44.28,44.36,14600
25-Oct-07,44.38,44.44,44.32,44.32,15000
24-Oct-07,44.76,44.76,44.44,44.46,13000
23-Oct-07,44.60,44.60,44.44,44.46,6200
22-Oct-07,44.54,44.56,44.38,44.46,26000
19-Oct-07,44.32,44.44,44.32,44.42,20400
18-Oct-07,44.30,44.30,44.27,44.28,118300
17-Oct-07,44.18,44.26,44.06,44.24,18700
16-Oct-07,44.16,44.32,43.66,44.04,35700
15-Oct-07,44.08,44.08,44.00,44.02,15000
12-Oct-07,44.10,44.18,44.08,44.10,31950
11-Oct-07,44.08,44.08,43.94,44.08,24100
10-Oct-07,44.12,44.16,44.12,44.14,29000
9-Oct-07,44.18,44.20,44.10,44.16,17100
8-Oct-07,44.00,44.14,44.00,44.10,45800
5-Oct-07,44.18,44.18,43.68,44.12,17850
4-Oct-07,44.18,44.20,44.14,44.18,55100
3-Oct-07,44.14,44.18,44.02,44.10,25850
2-Oct-07,44.08,44.14,44.04,44.06,32150
1-Oct-07,44.04,44.12,44.04,44.12,28100
28-Sep-07,44.10,44.14,44.02,44.08,23700
27-Sep-07,44.12,44.14,44.00,44.10,8550
26-Sep-07,44.10,44.14,44.06,44.10,23200
25-Sep-07,44.08,44.10,44.06,44.06,39250
24-Sep-07,44.00,44.00,43.90,43.98,19400
21-Sep-07,43.86,44.06,43.86,44.06,9000
20-Sep-07,44.10,44.10,43.66,43.70,15350
19-Sep-07,44.22,44.24,44.00,44.14,16200
18-Sep-07,44.46,44.50,44.29,44.40,91450
17-Sep-07,44.46,44.48,44.42,44.46,46500
14-Sep-07,44.44,44.46,44.44,44.46,16750
